ID,Price_250mg,BB_SMILES,truncate_SMILES
EN300-624013,19.0,CN(CC(=O)O)C(=O)OCC1c2ccccc2-c3c1cccc3,CNC
EN300-624009,498.0,c1ccc2c(c1)-c3ccccc3C2COC(=O)N4CC[C@H]4C(=O)O,C1CNC1
EN300-624025,19.0,c1ccc2c(c1)-c3ccccc3C2COC(=O)N4CC(C4)C(=O)O,C1CNC1
EN300-128258,19.0,CN(CCC(=O)O)C(=O)OCC1c2ccccc2-c3c1cccc3,CCNC
EN300-1556594,19.0,C[C@H](C(=O)O)N(C)C(=O)OCC1c2ccccc2-c3c1cccc3,CCNC
EN300-81086,26.0,C[C@@H](C(=O)O)N(C)C(=O)OCC1c2ccccc2-c3c1cccc3,CCNC
EN300-81228,189.0,CCN(CC(=O)O)C(=O)OCC1c2ccccc2-c3c1cccc3,CCNC
EN300-657418,270.0,c1ccc2c(c1)-c3ccccc3C2COC(=O)N4CC=C[C@H]4C(=O)O,C1=CCNC1
EN300-37380678,538.0,CN(CC#CC(=O)O)C(=O)OCC1c2ccccc2-c3c1cccc3,C#CCNC
EN300-657419,862.0,c1ccc2c(c1)-c3ccccc3C2COC(=O)N4CC(=CC(=O)O)C4,C=C1CNC1
EN300-1556634,658.0,c1ccc2c(c1)-c3ccccc3C2COC(=O)N(CC#N)CC(=O)O,CNCC#N
EN300-1720633,862.0,C[C@]1(CCN1C(=O)OCC2c3ccccc3-c4c2cccc4)C(=O)O,C[C@@H]1CCN1
EN300-81320,438.0,c1ccc2c(c1)-c3ccccc3C2COC(=O)N4CCC[C@@H]4C(=O)O,C1CCNC1
EN300-81243,19.0,c1ccc2c(c1)-c3ccccc3C2COC(=O)N4CCC[C@H]4C(=O)O,C1CCNC1
EN300-2009984,743.0,CC1CC(N1C(=O)OCC2c3ccccc3-c4c2cccc4)C(=O)O,C[C@H]1CCN1
EN300-657427,153.0,c1ccc2c(c1)-c3ccccc3C2COC(=O)N4CC[C@@H](C4)C(=O)O,C1CCNC1
EN300-657426,193.0,c1ccc2c(c1)-c3ccccc3C2COC(=O)N4CC(C4)CC(=O)O,CC1CNC1
EN300-657423,601.0,CC1(CN(C1)C(=O)OCC2c3ccccc3-c4c2cccc4)C(=O)O,CC1CNC1
EN300-81266,1196.0,C=CCN(CC(=O)O)C(=O)OCC1c2ccccc2-c3c1cccc3,C=CCNC
EN300-763891,180.0,CN(C(=O)OCC1c2ccccc2-c3c1cccc3)C4(CC4)C(=O)O,CNC1CC1
EN300-81167,213.0,c1ccc2c(c1)-c3ccccc3C2COC(=O)N(CC(=O)O)C4CC4,CNC1CC1
EN300-303363,586.0,c1ccc2c(c1)-c3ccccc3C2COC(=O)N4CC(C4)(C(=O)O)O,OC1CNC1
EN300-155420,55.0,CN(CCCC(=O)O)C(=O)OCC1c2ccccc2-c3c1cccc3,CCCNC
EN300-22847242,735.0,C[C@@H](CC(=O)O)N(C)C(=O)OCC1c2ccccc2-c3c1cccc3,CNC(C)C
EN300-1653218,244.0,C[C@H](CC(=O)O)N(C)C(=O)OCC1c2ccccc2-c3c1cccc3,CNC(C)C
EN300-81294,204.0,CC[C@@H](C(=O)O)N(C)C(=O)OCC1c2ccccc2-c3c1cccc3,CCCNC
EN300-81227,124.0,CCCN(CC(=O)O)C(=O)OCC1c2ccccc2-c3c1cccc3,CCCNC
EN300-1556279,293.0,CCN(CCC(=O)O)C(=O)OCC1c2ccccc2-c3c1cccc3,CCNCC
EN300-81338,601.0,C[C@@H](CN(C)C(=O)OCC1c2ccccc2-c3c1cccc3)C(=O)O,CCCNC
EN300-814205,629.0,CCN([C@@H](C)C(=O)O)C(=O)OCC1c2ccccc2-c3c1cccc3,CCNCC
EN300-81125,50.0,CC(C)N(CC(=O)O)C(=O)OCC1c2ccccc2-c3c1cccc3,CNC(C)C
EN300-262771,84.0,CC(C)(C(=O)O)N(C)C(=O)OCC1c2ccccc2-c3c1cccc3,CNC(C)C
EN300-657428,538.0,c1ccc2c(c1)-c3ccccc3C2COC(=O)N4CC(C4)(C(=O)O)F,FC1CNC1
EN300-81324,1964.0,c1ccc2c(c1)-c3ccccc3C2COC(=O)N(CCO)CC(=O)O,CNCCO
EN300-657429,735.0,c1ccc2c(c1)-c3ccccc3C2COC(=O)N4CC(C4)C#CC(=O)O,C#CC1CNC1
EN300-27726171,607.0,c1ccc2c(c1)-c3ccccc3C2COC(=O)N4CC(C4)(C#N)C(=O)O,N#CC1CNC1
EN300-814222,666.0,c1ccc2c(c1)-c3ccccc3C2COC(=O)N4CCC(=CC4)C(=O)O,C1=CCNCC1
EN300-657437,779.0,CC(=C1CN(C1)C(=O)OCC2c3ccccc3-c4c2cccc4)C(=O)O,CC=C1CNC1
EN300-657430,672.0,c1ccc2c(c1)-c3ccccc3C2COC(=O)N4CC5(C4)C[C@@H]5C(=O)O,C1CC12CNC2
EN300-755408,650.0,c1ccc2c(c1)-c3ccccc3C2COC(=O)N4C[C@H]5C[C@@]5(C4)C(=O)O,C1NC[C@@H]2C[C@H]12
EN300-6740483,785.0,c1ccc2c(c1)-c3ccccc3C2COC(=O)N4CC=C[C@H](C4)C(=O)O,C1=CCNCC1
EN300-27113726,785.0,C[C@]1(C=CCN1C(=O)OCC2c3ccccc3-c4c2cccc4)C(=O)O,C[C@@H]1C=CCN1
EN300-37450492,977.0,c1ccc2c(c1)-c3ccccc3C2COC(=O)N4CC[C@H]5[C@@]4(C5)C(=O)O,C1C[C@@H]2C[C@H]2N1
EN300-814192,1702.0,c1ccc2c(c1)-c3ccccc3C2COC(=O)N4C[C@@H]5C[C@@H]5[C@H]4C(=O)O,C1NC[C@@H]2C[C@H]12
EN300-657443,813.0,c1ccc2c(c1)-c3ccccc3C2COC(=O)N4[C@@H]5C[C@@H]5C[C@H]4C(=O)O,C1C[C@H]2C[C@H]2N1
EN300-657446,666.0,c1ccc2c(c1)-c3ccccc3C2COC(=O)N4CC5CC4(C5)C(=O)O,C1NC2CC1C2
EN300-26674243,714.0,c1ccc2c(c1)-c3ccccc3C2COC(=O)N4C[C@@H]5C[C@@]5(C4)C(=O)O,C1NC[C@@H]2C[C@@H]12
EN300-26678474,672.0,c1ccc2c(c1)-c3ccccc3C2COC(=O)N4C[C@H]5C[C@]5(C4)C(=O)O,C1NC[C@H]2C[C@H]12
EN300-7435156,1082.0,c1ccc2c(c1)-c3ccccc3C2COC(=O)N4CCC=C[C@H]4C(=O)O,C1=CCNCC1
EN300-657442,813.0,c1ccc2c(c1)-c3ccccc3C2COC(=O)N4[C@H]5C[C@H]5C[C@H]4C(=O)O,C1C[C@@H]2C[C@@H]2N1
EN300-657445,623.0,c1ccc2c(c1)-c3ccccc3C2COC(=O)N4C[C@@H]5[C@H](C4)[C@H]5C(=O)O,C1NC[C@@H]2C[C@H]12
EN300-657444,891.0,c1ccc2c(c1)-c3ccccc3C2COC(=O)N4CC(C5C4C5)C(=O)O,C1CC2CC2N1
EN300-1073111,679.0,c1ccc2c(c1)-c3ccccc3C2COC(=O)N4C[C@H]5C[C@H]5[C@H]4C(=O)O,C1NC[C@@H]2C[C@H]12
EN300-657433,763.0,c1ccc2c(c1)-c3ccccc3C2COC(=O)N4CCC=C(C4)C(=O)O,C1=CCNCC1
EN300-1660908,672.0,c1ccc2c(c1)-c3ccccc3C2COC(=O)N(CCC#N)CC(=O)O,CNCCC#N
EN300-1556469,1564.0,c1ccc2c(c1)-c3ccccc3C2COC(=O)N(CCC(=O)O)CC#N,CCNCC#N
EN300-657448,1117.0,c1ccc2c(c1)-c3ccccc3C2COC(=O)N4CC(=O)C[C@H]4C(=O)O,O=C1CCNC1
EN300-3431417,538.0,CN([C@@H](C1CC1)C(=O)O)C(=O)OCC2c3ccccc3-c4c2cccc4,CNCC1CC1
EN300-27724463,1225.0,C[C@H]1CN(C[C@@H]1C(=O)O)C(=O)OCC2c3ccccc3-c4c2cccc4,C[C@@H]1CCNC1
EN300-1556550,806.0,C=CCCN(CC(=O)O)C(=O)OCC1c2ccccc2-c3c1cccc3,C=CCCNC
EN300-657466,708.0,c1ccc2c(c1)-c3ccccc3C2COC(=O)N(CCC(=O)O)C4CC4,CCNC1CC1
EN300-657460,666.0,c1ccc2c(c1)-c3ccccc3C2COC(=O)N4CC[C@@H](C4)CC(=O)O,C[C@H]1CCNC1
EN300-81091,19.0,c1ccc2c(c1)-c3ccccc3C2COC(=O)N4CCCC[C@H]4C(=O)O,C1CCNCC1
EN300-299520,22.0,c1ccc2c(c1)-c3ccccc3C2COC(=O)N4CCC[C@@H](C4)C(=O)O,C1CCNCC1
EN300-657462,601.0,c1ccc2c(c1)-c3ccccc3C2COC(=O)N4CC(C4)CCC(=O)O,CCC1CNC1
EN300-814227,1225.0,C[C@@H]1CN(C[C@H]1C(=O)O)C(=O)OCC2c3ccccc3-c4c2cccc4,C[C@H]1CCNC1
EN300-3433548,672.0,CCC1(CN(C1)C(=O)OCC2c3ccccc3-c4c2cccc4)C(=O)O,CCC1CNC1
EN300-26664303,743.0,C[C@@H]1C[C@H](N(C1)C(=O)OCC2c3ccccc3-c4c2cccc4)C(=O)O,C[C@@H]1CCNC1
EN300-814181,637.0,c1ccc2c(c1)-c3ccccc3C2COC(=O)N4CC[C@H](C4)CC(=O)O,C[C@@H]1CCNC1
EN300-1178681,353.0,c1ccc2c(c1)-c3ccccc3C2COC(=O)N4CCC[C@@H]4CC(=O)O,C[C@H]1CCCN1
EN300-816553,353.0,c1ccc2c(c1)-c3ccccc3C2COC(=O)N4CCC[C@H]4CC(=O)O,C[C@@H]1CCCN1
EN300-624083,601.0,C[C@@]1(CCN(C1)C(=O)OCC2c3ccccc3-c4c2cccc4)C(=O)O,C[C@H]1CCNC1
EN300-624080,48.0,c1ccc2c(c1)-c3ccccc3C2COC(=O)N4CCC[C@H](C4)C(=O)O,C1CCNCC1
EN300-657464,601.0,C[C@@H](C(=O)O)N(C1CC1)C(=O)OCC2c3ccccc3-c4c2cccc4,CCNC1CC1
EN300-657461,735.0,CC1C(CCN1C(=O)OCC2c3ccccc3-c4c2cccc4)C(=O)O,C[C@H]1CCCN1
EN300-657459,64.0,C[C@]1(CCCN1C(=O)OCC2c3ccccc3-c4c2cccc4)C(=O)O,C[C@@H]1CCCN1
EN300-657457,785.0,C[C@@H](C1CN(C1)C(=O)OCC2c3ccccc3-c4c2cccc4)C(=O)O,CCC1CNC1
EN300-657453,763.0,c1ccc2c(c1)-c3ccccc3C2COC(=O)N(CC(=O)O)C4CCC4,CNC1CCC1
EN300-657450,701.0,CC1CCN(C1C(=O)O)C(=O)OCC2c3ccccc3-c4c2cccc4,C[C@H]1CCNC1
EN300-657468,19.0,c1ccc2c(c1)-c3ccccc3C2COC(=O)N4CCC(CC4)C(=O)O,C1CCNCC1
EN300-657458,623.0,CC1(CN([C@@H]1C(=O)O)C(=O)OCC2c3ccccc3-c4c2cccc4)C,CC1(C)CNC1
EN300-657454,714.0,CN(C(=O)OCC1c2c(cccc2)-c3c1cccc3)[C@H]4C[C@H](C4)C(=O)O,CNC1CCC1
EN300-1073131,530.0,C[C@H]1CC[C@H](N1C(=O)OCC2c3ccccc3-c4c2cccc4)C(=O)O,C[C@H]1CCCN1
EN300-624056,198.0,CN(C(=O)OCC1c2ccccc2-c3c1cccc3)C4(CCC4)C(=O)O,CNC1CCC1
EN300-81174,252.0,c1ccc2c(c1)-c3ccccc3C2COC(=O)N(CC4CC4)CC(=O)O,CNCC1CC1
EN300-740853,181.0,C[C@@]1(CCCN1C(=O)OCC2c3ccccc3-c4c2cccc4)C(=O)O,C[C@H]1CCCN1
EN300-1556367,693.0,c1ccc2c(c1)-c3ccccc3C2COC(=O)NC4CN(C4)CC(=O)O,CN1CC(N)C1
EN300-7540407,743.0,c1ccc2c(c1)-c3ccccc3C2COC(=O)N4CC(=C(C(=O)O)F)C4,FC=C1CNC1
EN300-27717457,538.0,c1ccc2c(c1)-c3ccccc3C2COC(=O)N4CC(C4)(CO)C(=O)O,OCC1CNC1
EN300-6497477,666.0,c1ccc2c(c1)-c3ccccc3C2COC(=O)N4CC(C4)[C@@H](C(=O)O)O,OCC1CNC1
EN300-657471,623.0,c1ccc2c(c1)-c3ccccc3C2COC(=O)N4CC[C@](C4)(C(=O)O)O,O[C@@H]1CCNC1
EN300-1703148,743.0,c1ccc2c(c1)-c3ccccc3C2COC(=O)N4CCO[C@@H](C4)C(=O)O,C1COCCN1
EN300-657470,84.0,c1ccc2c(c1)-c3ccccc3C2COC(=O)N4CCOC[C@H]4C(=O)O,C1COCCN1
EN300-81273,19.0,c1ccc2c(c1)-c3ccccc3C2COC(=O)N4C[C@@H](C[C@H]4C(=O)O)O,O[C@@H]1CCNC1
EN300-6737393,905.0,c1ccc2c(c1)-c3ccccc3C2COC(=O)N4CC(C4)(CC(=O)O)O,CC1(O)CNC1
EN300-6494350,672.0,COC1(CN(C1)C(=O)OCC2c3ccccc3-c4c2cccc4)C(=O)O,COC1CNC1
EN300-1672602,302.0,CN(C(=O)OCC1c2ccccc2-c3c1cccc3)C4(COC4)C(=O)O,CNC1COC1
EN300-657469,792.0,c1ccc2c(c1)-c3ccccc3C2COC(=O)N4CC(C4)OCC(=O)O,COC1CNC1
EN300-657474,418.0,c1ccc2c(c1)-c3ccccc3C2COC(=O)N4CCOC[C@@H]4C(=O)O,C1COCCN1
EN300-81080,1117.0,c1ccc2c(c1)-c3ccccc3C2COC(=O)N4CC(CC4C(=O)O)O,O[C@H]1CCNC1
EN300-81384,270.0,CC(C)CN(CC(=O)O)C(=O)OCC1c2ccccc2-c3c1cccc3,CNCC(C)C
EN300-755406,601.0,CCN(CCCC(=O)O)C(=O)OCC1c2ccccc2-c3c1cccc3,CCCNCC
EN300-3444886,1015.0,CC[C@@](C)(C(=O)O)N(C)C(=O)OCC1c2ccccc2-c3c1cccc3,CC[C@@H](C)NC
EN300-634639,367.0,CN(CCCCC(=O)O)C(=O)OCC1c2ccccc2-c3c1cccc3,CCCCNC
EN300-1556089,601.0,CCCN(CCC(=O)O)C(=O)OCC1c2ccccc2-c3c1cccc3,CCCNCC
EN300-814207,666.0,CCCN([C@@H](C)C(=O)O)C(=O)OCC1c2ccccc2-c3c1cccc3,CCCNCC
EN300-1692217,35.0,CCCCN(CC(=O)O)C(=O)OCC1c2ccccc2-c3c1cccc3,CCCCNC
EN300-81355,601.0,CCN(C[C@H](C)C(=O)O)C(=O)OCC1c2ccccc2-c3c1cccc3,CCCNCC
EN300-1666771,19.0,CC(C)[C@@H](C(=O)O)N(C)C(=O)OCC1c2ccccc2-c3c1cccc3,CNCC(C)C
EN300-1556304,565.0,CC(C)(CN(C)C(=O)OCC1c2ccccc2-c3c1cccc3)C(=O)O,CNCC(C)C
EN300-81112,353.0,CC(C)N(CCC(=O)O)C(=O)OCC1c2ccccc2-c3c1cccc3,CCNC(C)C
EN300-763653,601.0,CC[C@@H](C(=O)O)N(CC)C(=O)OCC1c2ccccc2-c3c1cccc3,CCCNCC
EN300-321373,19.0,CCC[C@@H](C(=O)O)N(C)C(=O)OCC1c2ccccc2-c3c1cccc3,CCCCNC
EN300-1556643,559.0,c1ccc2c(c1)-c3ccccc3C2COC(=O)N(CC(=O)N)CC(=O)O,CNCC(N)=O
EN300-341836,679.0,CN(C)C[C@@H](C(=O)O)NC(=O)OCC1c2ccccc2-c3c1cccc3,CN(C)CCN
EN300-26951355,977.0,c1ccc2c(c1)-c3ccccc3C2COC(=O)N4C[C@@H]([C@H](C4)F)C(=O)O,F[C@@H]1CCNC1
EN300-657482,1370.0,c1ccc2c(c1)-c3ccccc3C2COC(=O)N4CC(C4)[C@@H](C(=O)O)F,FCC1CNC1
EN300-657480,1194.0,c1ccc2c(c1)-c3ccccc3C2COC(=O)N4CCC(C4C(=O)O)F,F[C@H]1CCNC1
EN300-657481,234.0,c1ccc2c(c1)-c3ccccc3C2COC(=O)N4C[C@H](C[C@H]4C(=O)O)F,F[C@H]1CCNC1
EN300-1556484,779.0,c1ccc2c(c1)-c3ccccc3C2COC(=O)N4C[C@@H](C[C@@H]4C(=O)O)F,F[C@@H]1CCNC1
EN300-657483,701.0,c1ccc2c(c1)-c3ccccc3C2COC(=O)N4CC[C@](C4)(C(=O)O)F,F[C@H]1CCNC1
EN300-624074,763.0,c1ccc2c(c1)-c3ccccc3C2COC(=O)N4C[C@H](C[C@@H]4C(=O)O)F,F[C@H]1CCNC1
EN300-343380,173.0,c1ccc2c(c1)-c3ccccc3C2COC(=O)N4C[C@@H](C[C@H]4C(=O)O)F,F[C@@H]1CCNC1
EN300-81257,601.0,c1ccc2c(c1)-c3ccccc3C2COC(=O)N(CCC(=O)O)CCO,CCNCCO
EN300-1556505,1300.0,CC(C(C(=O)O)N(C)C(=O)OCC1c2ccccc2-c3c1cccc3)O,CNC[C@H](C)O
EN300-81474,290.0,COCCN(CC(=O)O)C(=O)OCC1c2ccccc2-c3c1cccc3,CNCCOC
EN300-657485,601.0,c1ccc2c(c1)-c3ccccc3C2COC(=O)N4CCS[C@H]4C(=O)O,C1CSCN1
EN300-395269,28.0,c1ccc2c(c1)-c3ccccc3C2COC(=O)N4CSC[C@@H]4C(=O)O,C1CSCN1
EN300-657484,19.0,c1ccc2c(c1)-c3ccccc3C2COC(=O)N4CSC[C@H]4C(=O)O,C1CSCN1
EN300-27735896,1008.0,CN(CC(C(=O)O)(F)F)C(=O)OCC1c2ccccc2-c3c1cccc3,CNCC(F)F
EN300-6737702,672.0,c1ccc2c(c1)-c3ccccc3C2COC(=O)N4C5CC(C4C(=O)O)C=C5,C1=CC2CC1CN2
EN300-7547305,1170.0,c1ccc2c(c1)-c3ccccc3C2COC(=O)N4CC(C4)(CC(=O)O)C#N,CC1(C#N)CNC1
EN300-6737438,708.0,Cn1cc(c(c1)NC(=O)OCC2c3ccccc3-c4c2cccc4)C(=O)O,Cn1ccc(N)c1
EN300-1718103,239.0,Cn1cc(cc1C(=O)O)NC(=O)OCC2c3ccccc3-c4c2cccc4,Cn1ccc(N)c1
EN300-657488,920.0,c1ccc2c(c1)-c3ccccc3C2COC(=O)N4CC[C@@](C4)(C#N)C(=O)O,N#C[C@@H]1CCNC1
EN300-321718,481.0,Cn1cc(nc1C(=O)O)NC(=O)OCC2c3ccccc3-c4c2cccc4,Cn1cnc(N)c1
EN300-28247919,977.0,c1ccc2c(c1)-c3ccccc3C2COC(=O)N4C[C@@H]5[C@H](C4)[C@H]5CC(=O)O,C[C@H]1[C@@H]2CNC[C@H]12
EN300-45377478,1012.0,C=C[C@@]1(CCN(C1)C(=O)OCC2c3ccccc3-c4c2cccc4)C(=O)O,C=C[C@H]1CCNC1
EN300-6737441,672.0,c1ccc2c(c1)-c3ccccc3C2COC(=O)N4[C@@H]5CC[C@H]4[C@@H](C5)C(=O)O,C1C[C@H]2CC[C@@H]1N2
EN300-37432436,2158.0,c1ccc2c(c1)-c3ccccc3C2COC(=O)N4C[C@@H](C5CC4C5)C(=O)O,C1CC2CC(C2)N1
EN300-657492,735.0,CC12CC(C1)(N(C2)C(=O)OCC3c4ccccc4-c5c3cccc5)C(=O)O,CC12CNC(C1)C2
EN300-7463288,735.0,c1ccc2c(c1)-c3ccccc3C2COC(=O)N4CCC(=CC4)CC(=O)O,CC1=CCNCC1
EN300-19465393,920.0,c1ccc2c(c1)-c3ccccc3C2COC(=O)N4CCC5CC4(C5)C(=O)O,C1CC2CC(C2)N1
EN300-6943524,977.0,c1ccc2c(c1)-c3ccccc3C2COC(=O)N4CCC45CC(C5)C(=O)O,C1CC2(C1)CCN2
EN300-6763538,735.0,c1ccc2c(c1)-c3ccccc3C2COC(=O)N4CC[C@@H](C45CC5)C(=O)O,C1CNC2(C1)CC2
EN300-77188,1131.0,c1ccc2c(c1)-c3ccccc3C2COC(=O)N4C5CCC4C(C5)C(=O)O,C1CC2CCC1N2
EN300-378901,1184.0,c1ccc2c(c1)-c3ccccc3C2COC(=O)N4CC5([C@H]4C(=O)O)CCC5,C1CC2(C1)CNC2
EN300-657493,813.0,c1ccc2c(c1)-c3ccccc3C2COC(=O)N4CC5CCC5(C4)C(=O)O,C1CC2CNCC12
EN300-26673440,1065.0,C[C@@]12C[C@@]1(CN(C2)C(=O)OCC3c4ccccc4-c5c3cccc5)C(=O)O,C[C@]12CNC[C@@H]1C2
EN300-37101477,977.0,c1ccc2c(c1)-c3ccccc3C2COC(=O)N4C[C@H]5C[C@@H]4C[C@@H]5C(=O)O,C1C[C@H]2CN[C@@H]1C2
EN300-37101764,1478.0,c1ccc2c(c1)-c3ccccc3C2COC(=O)N4CC[C@@H]([C@H]5[C@@H]4C5)C(=O)O,C1CN[C@H]2C[C@H]2C1
EN300-739675,607.0,c1ccc2c(c1)-c3ccccc3C2COC(=O)N4CCC[C@H]5[C@@]4(C5)C(=O)O,C1CN[C@@H]2C[C@H]2C1
EN300-814189,623.0,c1ccc2c(c1)-c3ccccc3C2COC(=O)N4CC5(CC5)C[C@H]4C(=O)O,C1CC2(CC2)CN1
EN300-814173,708.0,c1ccc2c(c1)-c3ccccc3C2COC(=O)N4CC5CC(C5)(C4)C(=O)O,C1NCC2CC1C2
EN300-6737834,1015.0,c1ccc2c(c1)-c3ccccc3C2COC(=O)N4C[C@@H]5CC[C@@H]5[C@H]4C(=O)O,C1C[C@H]2CNC[C@@H]12
EN300-657508,623.0,c1ccc2c(c1)-c3ccccc3C2COC(=O)N4C5CCC4(CC5)C(=O)O,C1CC2CCC1N2
EN300-7439205,1118.0,c1ccc2c(c1)-c3ccccc3C2COC(=O)N4CC(C4)[C@H]5C[C@@H]5C(=O)O,C1CC1C1CNC1
EN300-1716988,1349.0,c1ccc2c(c1)-c3ccccc3C2COC(=O)N4CC5CCC4(C5)C(=O)O,C1CC2CC1CN2
EN300-1556178,701.0,c1ccc2c(c1)-c3ccccc3C2COC(=O)N4C5CCC(C5)C4C(=O)O,C1CC2CC1CN2
EN300-657503,735.0,c1ccc2c(c1)-c3ccccc3C2COC(=O)N4C[C@@H]5C[C@H]([C@@H]5C4)C(=O)O,C1C[C@H]2CNC[C@@H]12
EN300-657507,666.0,c1ccc2c(c1)-c3ccccc3C2COC(=O)N4C[C@@H](C5(C4)CC5)C(=O)O,C1CC2(CC2)CN1
EN300-657506,197.0,c1ccc2c(c1)-c3ccccc3C2COC(=O)N4CCC(=CC(=O)O)CC4,C=C1CCNCC1
EN300-657496,735.0,c1ccc2c(c1)-c3ccccc3C2COC(=O)N4CC5(C4)CC(C5)C(=O)O,C1CC2(C1)CNC2
EN300-1073136,1118.0,c1ccc2c(c1)-c3ccccc3C2COC(=O)N4C[C@H]5C[C@@H]([C@H]5C4)C(=O)O,C1C[C@H]2CNC[C@@H]12
EN300-1073133,779.0,c1ccc2c(c1)-c3ccccc3C2COC(=O)N4CC[C@H]5[C@@H](C4)[C@H]5C(=O)O,C1C[C@@H]2C[C@@H]2CN1
EN300-658335,855.0,c1ccc2c(c1)-c3ccccc3C2COC(=O)N4CCC5(C4)CC5C(=O)O,C1CC2(CC2)CN1
EN300-657505,509.0,C=CCC1(CN(C1)C(=O)OCC2c3ccccc3-c4c2cccc4)C(=O)O,C=CCC1CNC1
EN300-6489026,1235.0,CC1(C[C@H](N(C1)C(=O)OCC2c3ccccc3-c4c2cccc4)C(=O)O)C,CC1(C)CCNC1
EN300-43359984,735.0,C[C@@H]1CCN([C@@H](C1)C(=O)O)C(=O)OCC2c3ccccc3-c4c2cccc4,CC1CCNCC1
EN300-1608740,353.0,c1ccc2c(c1)-c3ccccc3C2COC(=O)N4CCCC[C@H]4CC(=O)O,C[C@@H]1CCCCN1
EN300-657545,601.0,CC[C@]1(CCCN1C(=O)OCC2c3ccccc3-c4c2cccc4)C(=O)O,CC[C@@H]1CCCN1
EN300-1073159,977.0,C[C@@H]1CN(CC[C@@H]1C(=O)O)C(=O)OCC2c3ccccc3-c4c2cccc4,C[C@H]1CCCNC1
EN300-6497567,501.0,c1ccc2c(c1)-c3ccccc3C2COC(=O)N4CCC[C@@H](C4)CC(=O)O,C[C@H]1CCCNC1
EN300-1387210,862.0,C[C@@H]1C[C@@H](CN(C1)C(=O)OCC2c3ccccc3-c4c2cccc4)C(=O)O,C[C@@H]1CCCNC1
EN300-1179767,792.0,C[C@H]1[C@H](CCCN1C(=O)OCC2c3ccccc3-c4c2cccc4)C(=O)O,C[C@H]1CCCCN1
EN300-657556,601.0,c1ccc2c(c1)-c3ccccc3C2COC(=O)N4CCC[C@@H](CC4)C(=O)O,C1CCCNCC1
EN300-657554,601.0,C[C@]1(CCCCN1C(=O)OCC2c3ccccc3-c4c2cccc4)C(=O)O,C[C@@H]1CCCCN1
EN300-657547,481.0,CC1(CCN([C@@H]1C(=O)O)C(=O)OCC2c3ccccc3-c4c2cccc4)C,CC1(C)CCNC1
EN300-657540,637.0,c1ccc2c(c1)-c3ccccc3C2COC(=O)N(CCC(=O)O)CC4CC4,CCNCC1CC1
EN300-657525,601.0,CC1CC(CN(C1)C(=O)OCC2c3ccccc3-c4c2cccc4)C(=O)O,C[C@H]1CCCNC1
EN300-657537,194.0,CN(C(=O)OCC1c2ccccc2-c3c1cccc3)C4(CCCC4)C(=O)O,CNC1CCCC1
EN300-7051713,1488.0,CC1(C[C@@H](CN1C(=O)OCC2c3ccccc3-c4c2cccc4)C(=O)O)C,CC1(C)CCCN1
EN300-28256437,1603.0,CC(C)(C1CN(C1)C(=O)OCC2c3ccccc3-c4c2cccc4)C(=O)O,CC(C)C1CNC1
EN300-1717000,862.0,C[C@H]1CC[C@H](N(C1)C(=O)OCC2c3ccccc3-c4c2cccc4)C(=O)O,C[C@H]1CCCNC1
EN300-1717258,644.0,CC1([C@H](CCN1C(=O)OCC2c3ccccc3-c4c2cccc4)C(=O)O)C,CC1(C)CCCN1
EN300-6499206,623.0,C[C@@]1(CCN(C1)C(=O)OCC2c3ccccc3-c4c2cccc4)CC(=O)O,CC1(C)CCNC1
EN300-1556065,1235.0,CCC1CCN(C1C(=O)O)C(=O)OCC2c3ccccc3-c4c2cccc4,CC[C@H]1CCNC1
EN300-6737492,785.0,C[C@@H]1CC[C@@H](CN1C(=O)OCC2c3ccccc3-c4c2cccc4)C(=O)O,C[C@@H]1CCCCN1
EN300-6489030,642.0,CC1(C[C@@H](N(C1)C(=O)OCC2c3ccccc3-c4c2cccc4)C(=O)O)C,CC1(C)CCNC1
EN300-6489392,601.0,C[C@@H]1CCN(C[C@@H]1C(=O)O)C(=O)OCC2c3ccccc3-c4c2cccc4,CC1CCNCC1
EN300-657558,25.0,c1ccc2c(c1)-c3ccccc3C2COC(=O)N4CCC(CC4)CC(=O)O,CC1CCNCC1
EN300-657555,672.0,c1ccc2c(c1)-c3ccccc3C2COC(=O)N4CC[C@@H](C4)CCC(=O)O,CC[C@H]1CCNC1
EN300-657552,770.0,c1ccc2c(c1)-c3ccccc3C2COC(=O)N4CCCC[C@@H](C4)C(=O)O,C1CCCNCC1
EN300-657550,481.0,c1ccc2c(c1)-c3ccccc3C2COC(=O)N4CCC[C@H](C4)CC(=O)O,C[C@@H]1CCCNC1
EN300-657527,607.0,CC1CN(CCC1C(=O)O)C(=O)OCC2c3ccccc3-c4c2cccc4,C[C@H]1CCCNC1
EN300-81209,231.0,c1ccc2c(c1)-c3ccccc3C2COC(=O)N(CC(=O)O)C4CCCC4,CNC1CCCC1
EN300-624014,601.0,CC1(CCN(CC1)C(=O)OCC2c3ccccc3-c4c2cccc4)C(=O)O,CC1CCNCC1
EN300-1085860,538.0,c1ccc2c(c1)-c3ccccc3C2COC(=O)N4CCCC[C@@H]4CC(=O)O,C[C@H]1CCCCN1
EN300-1073161,842.0,C[C@H]1CN(C[C@]1(C)C(=O)O)C(=O)OCC2c3ccccc3-c4c2cccc4,C[C@H]1CNC[C@@H]1C
EN300-657557,749.0,CC[C@@]1(CCN(C1)C(=O)OCC2c3ccccc3-c4c2cccc4)C(=O)O,CC[C@H]1CCNC1
EN300-657549,601.0,CC1(CN(C[C@@H]1C(=O)O)C(=O)OCC2c3ccccc3-c4c2cccc4)C,CC1(C)CCNC1
EN300-657526,701.0,CC1CCC(CN1C(=O)OCC2c3ccccc3-c4c2cccc4)C(=O)O,C[C@H]1CCCCN1
EN300-657517,735.0,CC1(CC[C@H](N1C(=O)OCC2c3ccccc3-c4c2cccc4)C(=O)O)C,CC1(C)CCCN1
EN300-658331,601.0,C[C@@]1(CCCN(C1)C(=O)OCC2c3ccccc3-c4c2cccc4)C(=O)O,C[C@H]1CCCNC1
EN300-740849,701.0,C[C@H]1C[C@H](CCN1C(=O)OCC2c3ccccc3-c4c2cccc4)C(=O)O,C[C@H]1CCCCN1
EN300-657546,842.0,c1ccc2c(c1)-c3ccccc3C2COC(=O)N4CCC[C@@H]4CCC(=O)O,CC[C@H]1CCCN1
EN300-332910,920.0,c1ccc2c(c1)-c3ccccc3C2COC(=O)N4CCC[C@H]4CCC(=O)O,CC[C@@H]1CCCN1
EN300-298459,862.0,C[C@H]1CCC[C@H](N1C(=O)OCC2c3ccccc3-c4c2cccc4)C(=O)O,C[C@H]1CCCCN1
EN300-170533,601.0,c1ccc2c(c1)-c3ccccc3C2COC(=O)N4CCCCC[C@H]4C(=O)O,C1CCCNCC1
EN300-657559,601.0,c1ccc2c(c1)-c3ccccc3C2COC(=O)N4CC(=O)NC[C@H]4C(=O)O,O=C1CNCCN1
EN300-657564,601.0,CN1CCN(C[C@H]1C(=O)O)C(=O)OCC2c3ccccc3-c4c2cccc4,CN1CCNCC1
EN300-657562,1551.0,CN(CC(=O)O)C1CN(C1)C(=O)OCC2c3ccccc3-c4c2cccc4,CN(C)C1CNC1
EN300-7494328,743.0,C[C@@H](C(=O)O)N1CC(C1)NC(=O)OCC2c3ccccc3-c4c2cccc4,CCN1CC(N)C1
EN300-316965,39.0,c1ccc2c(c1)-c3ccccc3C2COC(=O)N4CCN(CC4)CC(=O)O,CN1CCNCC1
EN300-7432255,735.0,c1ccc2c(c1)-c3ccccc3C2COC(=O)N4CCC(=C(C4)F)C(=O)O,FC1=CCCNC1
EN300-658370,637.0,c1ccc2c(c1)-c3ccccc3C2COC(=O)N4CCC(=C(C(=O)O)F)C4,FC=C1CCNC1
EN300-28228698,1225.0,C[C@@H]1COC[C@@H](N1C(=O)OCC2c3ccccc3-c4c2cccc4)C(=O)O,C[C@@H]1COCCN1
EN300-816556,538.0,c1ccc2c(c1)-c3ccccc3C2COC(=O)N4C[C@@H](C[C@H]4CC(=O)O)O,C[C@@H]1C[C@@H](O)CN1
EN300-35286762,735.0,c1ccc2c(c1)-c3ccccc3C2COC(=O)N4CC[C@H](OCC4)C(=O)O,C1CNCCOC1
EN300-624024,1235.0,C[C@H]1COC[C@H](N1C(=O)OCC2c3ccccc3-c4c2cccc4)C(=O)O,C[C@H]1COCCN1
EN300-7197168,607.0,c1ccc2c(c1)-c3ccccc3C2COC(=O)N4CC[C@@H](C4)OCC(=O)O,CO[C@H]1CCNC1
EN300-28228692,538.0,c1ccc2c(c1)-c3ccccc3C2COC(=O)N4CC[C@H]([C@H](C4)O)C(=O)O,O[C@@H]1CCCNC1
EN300-27733321,977.0,c1ccc2c(c1)-c3ccccc3C2COC(=O)N4CCOCC[C@H]4C(=O)O,C1CNCCOC1
EN300-6733522,1318.0,C[C@@H]1CN([C@@H](CO1)C(=O)O)C(=O)OCC2c3ccccc3-c4c2cccc4,C[C@@H]1CNCCO1
EN300-298788,438.0,c1ccc2c(c1)-c3ccccc3C2COC(=O)N4CCC(CC4)(C(=O)O)O,OC1CCNCC1
EN300-6487890,813.0,C[C@H]1[C@@H](N(CCO1)C(=O)OCC2c3ccccc3-c4c2cccc4)C(=O)O,C[C@H]1CNCCO1
EN300-1725492,1008.0,c1ccc2c(c1)-c3ccccc3C2COC(=O)N4C[C@@H]([C@H](C4)O)CC(=O)O,C[C@H]1CNC[C@@H]1O
EN300-658327,1235.0,C[C@@H]1[C@H](N(CCO1)C(=O)OCC2c3ccccc3-c4c2cccc4)C(=O)O,C[C@@H]1CNCCO1
EN300-657584,749.0,CO[C@@H]1C[C@@H](N(C1)C(=O)OCC2c3ccccc3-c4c2cccc4)C(=O)O,CO[C@@H]1CCNC1
EN300-1073172,842.0,C[C@H]1CN(C[C@H](O1)C(=O)O)C(=O)OCC2c3ccccc3-c4c2cccc4,C[C@H]1CNCCO1
EN300-657578,538.0,CO[C@]1(CCN(C1)C(=O)OCC2c3ccccc3-c4c2cccc4)C(=O)O,CO[C@@H]1CCNC1
EN300-304175,672.0,CC1(CC(CN1C(=O)OCC2c3ccccc3-c4c2cccc4)O)C(=O)O,CC1CC(O)CN1
EN300-1717024,1366.0,c1ccc2c(c1)-c3ccccc3C2COC(=O)N4CC[C@](C4)(CO)C(=O)O,OC[C@H]1CCNC1
EN300-7431738,735.0,COC1(CN(C1)C(=O)OCC2c3ccccc3-c4c2cccc4)CC(=O)O,COC1(C)CNC1
EN300-7433998,601.0,COCC1(CN(C1)C(=O)OCC2c3ccccc3-c4c2cccc4)C(=O)O,COCC1CNC1
EN300-6737436,672.0,c1ccc2c(c1)-c3ccccc3C2COC(=O)N4CC[C@](C4)(CC(=O)O)O,C[C@]1(O)CCNC1
EN300-6733310,672.0,CN([C@@H](C1COC1)C(=O)O)C(=O)OCC2c3ccccc3-c4c2cccc4,CNCC1COC1
EN300-71827,292.0,c1ccc2c(c1)-c3ccccc3C2COC(=O)N4CCOC[C@@H]4CC(=O)O,C[C@H]1COCCN1
EN300-657590,390.0,c1ccc2c(c1)-c3ccccc3C2COC(=O)N4CCO[C@H](C4)CC(=O)O,C[C@H]1CNCCO1
EN300-657576,666.0,c1ccc2c(c1)-c3ccccc3C2COC(=O)N4CCCC(C4C(=O)O)O,O[C@H]1CCCNC1
EN300-657570,1118.0,c1ccc2c(c1)-c3ccccc3C2COC(=O)N4CCC(C4)C(C(=O)O)O,OC[C@H]1CCNC1
EN300-1073171,822.0,C[C@@H]1CN(C[C@H](O1)C(=O)O)C(=O)OCC2c3ccccc3-c4c2cccc4,C[C@@H]1CNCCO1
EN300-657587,883.0,c1ccc2c(c1)-c3ccccc3C2COC(=O)N4CC(C4)OCCC(=O)O,CCOC1CNC1
EN300-657572,679.0,c1ccc2c(c1)-c3ccccc3C2COC(=O)N4CCC[C@](C4)(C(=O)O)O,O[C@@H]1CCCNC1
EN300-657566,481.0,c1ccc2c(c1)-c3ccccc3C2COC(=O)N4CCOC[C@H](C4)C(=O)O,C1CNCCOC1
EN300-658321,252.0,CO[C@@H]1C[C@H](N(C1)C(=O)OCC2c3ccccc3-c4c2cccc4)C(=O)O,CO[C@@H]1CCNC1
EN300-657591,623.0,CN(C(=O)OCC1c2ccccc2-c3c1cccc3)[C@]4(CCOC4)C(=O)O,CN[C@@H]1CCOC1
EN300-657589,862.0,C[C@]1(CN(CCO1)C(=O)OCC2c3ccccc3-c4c2cccc4)C(=O)O,C[C@@H]1CNCCO1
EN300-701815,749.0,CO[C@H]1C[C@H](N(C1)C(=O)OCC2c3ccccc3-c4c2cccc4)C(=O)O,CO[C@H]1CCNC1
EN300-81208,601.0,CC(C)CN(CCC(=O)O)C(=O)OCC1c2ccccc2-c3c1cccc3,CCNCC(C)C
EN300-1662995,19.0,CC[C@H](C)[C@@H](C(=O)O)N(C)C(=O)OCC1c2ccccc2-c3c1cccc3,CC[C@H](C)CNC
EN300-1556179,601.0,CC(C)(C)CN(CC(=O)O)C(=O)OCC1c2ccccc2-c3c1cccc3,CNCC(C)(C)C
EN300-1556108,693.0,CCN(CCCCC(=O)O)C(=O)OCC1c2ccccc2-c3c1cccc3,CCCCNCC
EN300-1556492,418.0,CN(CCCCCC(=O)O)C(=O)OCC1c2ccccc2-c3c1cccc3,CCCCCNC
EN300-1268400,19.0,CC(C)C[C@@H](C(=O)O)N(C)C(=O)OCC1c2ccccc2-c3c1cccc3,CNCCC(C)C
EN300-305510,205.0,CCCCCN(CC(=O)O)C(=O)OCC1c2ccccc2-c3c1cccc3,CCCCCNC
EN300-1556612,1183.0,CN(C)CCN(CC(=O)O)C(=O)OCC1c2ccccc2-c3c1cccc3,CNCCN(C)C
EN300-27728648,1235.0,c1ccc2c(c1)-c3ccccc3C2COC(=O)N4C[C@H]([C@@](C4)(C(=O)O)O)O,O[C@@H]1CNC[C@H]1O
EN300-26865122,1065.0,c1ccc2c(c1)-c3ccccc3C2COC(=O)N4C[C@@H]([C@@H]([C@H]4C(=O)O)O)O,O[C@H]1CNC[C@H]1O
EN300-6737244,1286.0,c1ccc2c(c1)-c3ccccc3C2COC(=O)N4CC[C@](C4)(CF)C(=O)O,FC[C@@H]1CCNC1
EN300-7456676,672.0,c1ccc2c(c1)-c3ccccc3C2COC(=O)N4CC(C4)C[C@@H](C(=O)O)F,FCCC1CNC1
EN300-1708014,672.0,c1ccc2c(c1)-c3ccccc3C2COC(=O)N4C[C@H](C[C@H]4CC(=O)O)F,C[C@@H]1C[C@H](F)CN1
EN300-657594,701.0,c1ccc2c(c1)-c3ccccc3C2COC(=O)N4CCC(C4)C(C(=O)O)F,FC[C@H]1CCNC1
EN300-7351910,1370.0,c1ccc2c(c1)-c3ccccc3C2COC(=O)N4C[C@@H](CC[C@H]4C(=O)O)F,F[C@@H]1CCCNC1
EN300-1699646,977.0,c1ccc2c(c1)-c3ccccc3C2COC(=O)N4C[C@@H](C[C@H]4CC(=O)O)F,C[C@@H]1C[C@@H](F)CN1
EN300-755416,735.0,C[C@]1(C[C@@H](CN1C(=O)OCC2c3ccccc3-c4c2cccc4)F)C(=O)O,C[C@H]1C[C@H](F)CN1
EN300-624000,601.0,c1ccc2c(c1)-c3ccccc3C2COC(=O)N4CCC(CC4)(C(=O)O)F,FC1CCNCC1
EN300-27695486,644.0,CC(C)(CN(CC(=O)O)C(=O)OCC1c2ccccc2-c3c1cccc3)O,CNCC(C)(C)O
EN300-81447,601.0,COCCN(CCC(=O)O)C(=O)OCC1c2ccccc2-c3c1cccc3,CCNCCOC
EN300-27747107,985.0,CSC1(CN(C1)C(=O)OCC2c3ccccc3-c4c2cccc4)C(=O)O,CSC1CNC1
EN300-12621457,1379.0,CC1N([C@H](CS1)C(=O)O)C(=O)OCC2c3ccccc3-c4c2cccc4,C[C@H]1NCCS1
EN300-1716608,601.0,c1ccc2c(c1)-c3ccccc3C2COC(=O)N4CSCC[C@H]4C(=O)O,C1CNCSC1
EN300-7440248,977.0,c1ccc2c(c1)-c3ccccc3C2COC(=O)N4CC(C4)([C@@H](C(=O)O)F)O,OC1(CF)CNC1
EN300-657600,601.0,c1ccc2c(c1)-c3ccccc3C2COC(=O)N4CC(C[C@@H]4C(=O)O)(F)F,FC1(F)CCNC1
EN300-321106,91.0,c1ccc2c(c1)-c3ccccc3C2COC(=O)N4CC(C[C@H]4C(=O)O)(F)F,FC1(F)CCNC1
EN300-81230,672.0,CN(c1ccc(cc1)C(=O)O)C(=O)OCC2c3ccccc3-c4c2cccc4,CNc1ccccc1
EN300-1556711,403.0,CN(c1ccccc1C(=O)O)C(=O)OCC2c3ccccc3-c4c2cccc4,CNc1ccccc1
EN300-814203,127.0,c1ccc(cc1)N(CC(=O)O)C(=O)OCC2c3ccccc3-c4c2cccc4,CNc1ccccc1
EN300-39920455,735.0,CN([C@@H](CC(F)F)C(=O)O)C(=O)OCC1c2ccccc2-c3c1cccc3,CNCCC(F)F
EN300-1179499,1249.0,C[C@@H](C(=O)O)N(CC(F)F)C(=O)OCC1c2ccccc2-c3c1cccc3,CCNCC(F)F
EN300-6729293,862.0,c1ccc2c(c1)-c3ccccc3C2COC(=O)N4Cc5c(coc5C4)C(=O)O,c1cc2c(o1)CNC2
EN300-35281169,920.0,c1ccc2c(c1)-c3ccccc3C2COC(=O)N4Cc5c([nH]nc5C(=O)O)C4,c1n[nH]c2c1CNC2
EN300-1165334,763.0,c1ccc2c(c1)-c3ccccc3C2COC(=O)N4C5CCC4C=C(C5)C(=O)O,C1=CC2CCC(C1)N2
EN300-657608,835.0,c1ccc2c(c1)-c3ccccc3C2COC(=O)N4CCC(CC4)C#CC(=O)O,C#CC1CCNCC1
EN300-657607,693.0,c1ccc2c(c1)-c3ccccc3C2COC(=O)N4CC5CC(C4C=C5)C(=O)O,C1=CC2CCC1CN2
EN300-657609,601.0,c1ccc2c(c1)-c3ccccc3C2COC(=O)N4CCC[C@@H](C4)C#CC(=O)O,C#C[C@H]1CCCNC1
EN300-657611,601.0,c1ccc2c(c1)-c3ccccc3C2COC(=O)N4CCC(CC4)(C#N)C(=O)O,N#CC1CCNCC1
EN300-7547714,855.0,c1ccc2c(c1)-c3ccccc3C2COC(=O)N4CC(C4)(CCC(=O)O)C#N,CCC1(C#N)CNC1
EN300-657612,672.0,c1ccc2c(c1)-c3ccccc3C2COC(=O)N[C@@H](Cn4cccc4)C(=O)O,NCCn1cccc1
EN300-651000,672.0,c1ccc2c(c1)-c3ccccc3C2COC(=O)NCCn4cc(nc4)C(=O)O,NCCn1ccnc1
EN300-657620,1445.0,c1ccc2c(c1)-c3ccccc3C2COC(=O)NCc4nccn4CC(=O)O,Cn1ccnc1CN
EN300-651005,601.0,c1ccc2c(c1)-c3ccccc3C2COC(=O)N[C@@H](Cn4ccnc4)C(=O)O,NCCn1ccnc1
EN300-1671593,1225.0,c1ccc2c(c1)-c3ccccc3C2COC(=O)N4CC5CCC(C5C4)C(=O)O,C1CC2CNCC2C1
EN300-45212794,977.0,c1ccc2c(c1)-c3ccccc3C2COC(=O)N4C[C@@H]5C[C@H](C4)[C@H](C5)C(=O)O,C1C[C@H]2CNC[C@@H]1C2
EN300-657642,666.0,c1ccc2c(c1)-c3ccccc3C2COC(=O)N4CC5CCC4(CC5)C(=O)O,C1CC2CCC1CN2
EN300-657634,1118.0,c1ccc2c(c1)-c3ccccc3C2COC(=O)N4CC(C4)C5CC(C5)C(=O)O,C1CC(C2CNC2)C1
EN300-6733529,1008.0,c1ccc2c(c1)-c3ccccc3C2COC(=O)N4C[C@H]5C[C@H](C[C@H]5C4)C(=O)O,C1C[C@@H]2CNC[C@@H]2C1
EN300-27754934,1225.0,c1ccc2c(c1)-c3ccccc3C2COC(=O)N4CC5(CCC4C5)CC(=O)O,CC12CCC(C1)NC2
EN300-6737612,849.0,c1ccc2c(c1)-c3ccccc3C2COC(=O)N4CC[C@@H](CC45CC5)C(=O)O,C1CCC2(CC2)NC1
EN300-27708140,1276.0,c1ccc2c(c1)-c3ccccc3C2COC(=O)N4CC[C@H]([C@@H]4C5CC5)C(=O)O,C1CN[C@@H](C2CC2)C1
EN300-6737690,920.0,c1ccc2c(c1)-c3ccccc3C2COC(=O)N4CC[C@](C4)(C5CC5)C(=O)O,C1C[C@H](C2CC2)CN1
EN300-26990566,1576.0,c1ccc2c(c1)-c3ccccc3C2COC(=O)N4CCC5C4CC5CC(=O)O,CC1CC2NCCC12
EN300-27194371,672.0,C=CCCC1(CN(C1)C(=O)OCC2c3ccccc3-c4c2cccc4)C(=O)O,C=CCCC1CNC1
EN300-27126426,743.0,c1ccc2c(c1)-c3ccccc3C2COC(=O)N4C[C@H]5CC[C@H](C5)[C@H]4C(=O)O,C1C[C@H]2CNC[C@@H]1C2
EN300-26865137,1286.0,c1ccc2c(c1)-c3ccccc3C2COC(=O)N4C[C@H]5CC[C@]5(C4)CC(=O)O,C[C@@]12CC[C@@H]1CNC2
EN300-7436725,735.0,c1ccc2c(c1)-c3ccccc3C2COC(=O)N4CC5CCC(C5)(C4)C(=O)O,C1CC2CNCC1C2
EN300-7440835,1118.0,c1ccc2c(c1)-c3ccccc3C2COC(=O)N4C[C@H]5C[C@@H](C[C@@H]4C5)C(=O)O,C1C[C@@H]2CN[C@H](C1)C2
EN300-7439930,743.0,c1ccc2c(c1)-c3ccccc3C2COC(=O)N4[C@@H]5CC[C@@H](C5)[C@H]4CC(=O)O,C[C@H]1N[C@@H]2CC[C@H]1C2
EN300-1556359,1117.0,c1cc-2c(cc1)C(c3c2cccc3)COC(=O)N4[C@@H]([C@H]5CC[C@@H]4CC5)C(=O)O,C1C[C@H]2CC[C@@H]1CN2
EN300-7547306,1499.0,c1ccc2c(c1)-c3ccccc3C2COC(=O)N4CCC[C@H]5[C@@]4(CC5)C(=O)O,C1CN[C@@H]2CC[C@H]2C1
EN300-26979008,1065.0,c1ccc2c(c1)-c3ccccc3C2COC(=O)N4CCCC4[C@H]5C[C@@H]5C(=O)O,C1CN[C@H](C2CC2)C1
EN300-26981186,1205.0,c1ccc2c(c1)-c3ccccc3C2COC(=O)N4CC[C@@H]5[C@@H]([C@H]5C(=O)O)CC4,C1C[C@@H]2C[C@@H]2CCN1
EN300-1073223,785.0,c1ccc2c(c1)-c3ccccc3C2COC(=O)N4CC[C@@]5([C@H]4CCC5)C(=O)O,C1C[C@H]2CCN[C@@H]2C1
EN300-658342,686.0,c1ccc2c(c1)-c3ccccc3C2COC(=O)N4CCCC5(C4)CC5C(=O)O,C1CNCC2(C1)CC2
EN300-657635,1194.0,c1ccc2c(c1)-c3ccccc3C2COC(=O)N4CC5([C@H]4C(=O)O)CCCC5,C1CCC2(C1)CNC2
EN300-657625,559.0,c1ccc2c(c1)-c3ccccc3C2COC(=O)N4[C@H]5CCC[C@H]5C[C@H]4C(=O)O,C1C[C@H]2CCN[C@H]2C1
EN300-6733512,1065.0,c1ccc2c(c1)-c3ccccc3C2COC(=O)N4CC[C@@H](C45CCC5)C(=O)O,C1CNC2(C1)CCC2
EN300-26861042,1499.0,CC12CCC(C1)(N(C2)C(=O)OCC3c4ccccc4-c5c3cccc5)C(=O)O,CC12CCC(C1)NC2
EN300-7551570,743.0,C=CC1(CCN(CC1)C(=O)OCC2c3ccccc3-c4c2cccc4)C(=O)O,C=CC1CCNCC1
EN300-26573062,743.0,c1ccc2c(c1)-c3ccccc3C2COC(=O)N4[C@@H](CCC45CCC5)C(=O)O,C1CNC2(C1)CCC2
EN300-7354230,1118.0,c1ccc2c(c1)-c3ccccc3C2COC(=O)N4C[C@H](CC45CCC5)C(=O)O,C1CNC2(C1)CCC2
EN300-6732835,743.0,c1ccc2c(c1)-c3ccccc3C2COC(=O)N4CC5CC(C4)C(C5)C(=O)O,C1CC2CNCC1C2
EN300-6745922,672.0,c1ccc2c(c1)-c3ccccc3C2COC(=O)N4CCC5(C4)CC(C5)C(=O)O,C1CC2(C1)CCNC2
EN300-1699111,672.0,c1ccc2c(c1)-c3ccccc3C2COC(=O)N4CC5(CC5)C[C@H]4CC(=O)O,C[C@@H]1CC2(CC2)CN1
EN300-1587997,977.0,c1ccc2c(c1)-c3ccccc3C2COC(=O)N4C[C@H]5CCC[C@H]5[C@H]4C(=O)O,C1C[C@@H]2CNC[C@@H]2C1
EN300-657623,763.0,c1ccc2c(c1)-c3ccccc3C2COC(=O)N4C[C@@H]5CCC[C@]4(C5)C(=O)O,C1C[C@H]2CN[C@H](C1)C2
EN300-624036,1235.0,c1ccc2c(c1)-c3ccccc3C2COC(=O)N4CC5CCC4C(C5)C(=O)O,C1CC2CCC1CN2
EN300-658324,813.0,c1ccc2c(c1)-c3ccccc3C2COC(=O)N4C[C@@H](C5(C4)CCC5)C(=O)O,C1CC2(C1)CCNC2
EN300-657641,601.0,c1ccc2c(c1)-c3ccccc3C2COC(=O)N4C5CCC4CC(C5)C(=O)O,C1CC2CCC(C1)N2
EN300-657622,666.0,c1ccc2c(c1)-c3ccccc3C2COC(=O)N4CC5(CCC4CC5)C(=O)O,C1CC2CCC1CN2
EN300-701811,666.0,c1ccc2c(c1)-c3ccccc3C2COC(=O)N4C[C@@H]([C@H](C4)C(=O)O)C5CC5,C1C[C@@H](C2CC2)CN1
EN300-267194,693.0,c1ccc2c(c1)-c3ccccc3C2COC(=O)N4CCC5(CC4)C[C@@H]5C(=O)O,C1CC2(CCN1)CC2
EN300-371125,842.0,c1ccc2c(c1)-c3ccccc3C2COC(=O)N4C[C@@H]5CCC[C@@]5(C4)C(=O)O,C1C[C@H]2CNC[C@@H]2C1
EN300-7472548,1015.0,c1ccc2c(c1)-c3ccccc3C2COC(=O)N4C[C@@H]5[C@H](C4)ON=C5C(=O)O,C1=NO[C@H]2CNC[C@@H]12
EN300-657646,842.0,c1ccc2c(c1)-c3ccccc3C2COC(=O)N4CC5(C4)CC(=NO5)C(=O)O,C1=NOC2(C1)CNC2
EN300-1268009,181.0,c1ccc2c(c1)-c3ccccc3C2COC(=O)N4C[C@H](C[C@@H]4C(=O)O)N=[N+]=[N-],[N-]=[N+]=N[C@H]1CCNC1
EN300-7438129,270.0,c1ccc2c(c1)-c3ccccc3C2COC(=O)N4C[C@@H](C[C@@H]4C(=O)O)N=[N+]=[N-],[N-]=[N+]=N[C@@H]1CCNC1
EN300-1268012,113.0,c1ccc2c(c1)-c3ccccc3C2COC(=O)N4C[C@H](C[C@H]4C(=O)O)N=[N+]=[N-],[N-]=[N+]=N[C@H]1CCNC1
EN300-304785,216.0,c1ccc2c(c1)-c3ccccc3C2COC(=O)N4C[C@@H](C[C@H]4C(=O)O)N=[N+]=[N-],[N-]=[N+]=N[C@@H]1CCNC1
EN300-81360,524.0,c1ccc2c(c1)-c3ccccc3C2COC(=O)N(CC(=O)O)CC(F)(F)F,CNCC(F)(F)F
EN300-6736236,623.0,c1ccc2c(c1)-c3ccccc3C2COC(=O)N4[C@H]5C[C@@H]([C@H]4C(=O)O)C[C@@H]5O,O[C@H]1C[C@@H]2CN[C@H]1C2
EN300-37454133,977.0,c1ccc2c(c1)-c3ccccc3C2COC(=O)N4CC5CC(OC5C4)C(=O)O,C1CC2CNCC2O1
EN300-27727875,835.0,c1ccc2c(c1)-c3ccccc3C2COC(=O)N4CC5(C4)C[C@H](OC5)C(=O)O,C1CC2(CNC2)CO1
EN300-1692592,1048.0,c1ccc2c(c1)-c3ccccc3C2COC(=O)N4CC5(C4)C[C@@H](CO5)C(=O)O,C1COC2(C1)CNC2
EN300-1720401,672.0,c1ccc2c(c1)-c3ccccc3C2COC(=O)N4[C@H]5CCO[C@H]5C[C@H]4C(=O)O,C1C[C@@H]2OCC[C@@H]2N1
EN300-657654,672.0,c1ccc2c(c1)-c3ccccc3C2COC(=O)N4CC5(C4)CC[C@H](O5)C(=O)O,C1COC2(C1)CNC2
EN300-37139106,977.0,c1ccc2c(c1)-c3ccccc3C2COC(=O)N4CC5(CC4CCO5)C(=O)O,C1CC2CC(CN2)O1
EN300-1703517,1065.0,CC(=O)CC1(CN(C1)C(=O)OCC2c3ccccc3-c4c2cccc4)C(=O)O,CC(=O)CC1CNC1
EN300-6740635,743.0,c1ccc2c(c1)-c3ccccc3C2COC(=O)N4C[C@@H]5[C@H](C4)OC[C@@H]5C(=O)O,C1C[C@@H]2CNC[C@@H]2O1
EN300-27692214,813.0,c1ccc2c(c1)-c3ccccc3C2COC(=O)N4C[C@H]5[C@@](C4)(CCO5)C(=O)O,C1C[C@H]2CNC[C@@H]2O1
EN300-27782186,1135.0,c1ccc2c(c1)-c3ccccc3C2COC(=O)N4CC5CC(C4)OC5C(=O)O,C1NCC2CC1CO2
EN300-1073233,920.0,c1ccc2c(c1)-c3ccccc3C2COC(=O)N4C[C@H]5COC[C@]5(C4)C(=O)O,C1NC[C@H]2COC[C@H]12
EN300-1073232,1074.0,c1ccc2c(c1)-c3ccccc3C2COC(=O)N4C[C@H]5CCO[C@]5(C4)C(=O)O,C1C[C@@H]2CNC[C@H]2O1
EN300-657650,1327.0,c1ccc2c(c1)-c3ccccc3C2COC(=O)N4C[C@@H](C5(C4)COC5)C(=O)O,C1CC2(CN1)COC2
EN300-39853197,735.0,CC[C@H]1C[C@H](CCN1C(=O)OCC2c3ccccc3-c4c2cccc4)C(=O)O,CC[C@H]1CCCCN1
EN300-657675,629.0,CC(C)[C@@]1(CCN(C1)C(=O)OCC2c3ccccc3-c4c2cccc4)C(=O)O,CC(C)[C@H]1CCNC1
EN300-755422,835.0,CCC[C@H]1CN(C[C@@H]1C(=O)O)C(=O)OCC2c3ccccc3-c4c2cccc4,CCC[C@@H]1CCNC1
EN300-7106013,920.0,CC1(C[C@H](CCN1C(=O)OCC2c3ccccc3-c4c2cccc4)C(=O)O)C,CC1(C)CCCCN1
EN300-657664,601.0,CCC1(CCN(CC1)C(=O)OCC2c3ccccc3-c4c2cccc4)C(=O)O,CCC1CCNCC1
EN300-26864943,1499.0,C[C@@]1(CC(N(C1)C(=O)OCC2c3ccccc3-c4c2cccc4)(C)C)C(=O)O,C[C@@H]1CNC(C)(C)C1
EN300-1719753,779.0,CC1([C@H](CCN1C(=O)OCC2c3ccccc3-c4c2cccc4)CC(=O)O)C,C[C@H]1CCNC1(C)C
EN300-81306,601.0,c1ccc2c(c1)-c3ccccc3C2COC(=O)N(CCC(=O)O)C4CCCC4,CCNC1CCCC1
EN300-657683,714.0,CC(C)C1C(CCN1C(=O)OCC2c3ccccc3-c4c2cccc4)C(=O)O,CC(C)[C@@H]1CCCN1
EN300-657661,877.0,c1ccc2c(c1)-c3ccccc3C2COC(=O)N4CCCCCC[C@H]4C(=O)O,C1CCCNCCC1
EN300-81130,430.0,c1ccc2c(c1)-c3ccccc3C2COC(=O)N4CCC(CC4)CCC(=O)O,CCC1CCNCC1
EN300-657662,842.0,CC1(CCN([C@@H](C1)C(=O)O)C(=O)OCC2c3ccccc3-c4c2cccc4)C,CC1(C)CCNCC1
EN300-31178532,977.0,c1ccc2c(c1)-c3ccccc3C2COC(=O)N4CCC[C@H](C4)CCC(=O)O,CC[C@@H]1CCCNC1
EN300-7437501,743.0,CC1(CN(C[C@@H]1CC(=O)O)C(=O)OCC2c3ccccc3-c4c2cccc4)C,C[C@H]1CNCC1(C)C
EN300-6748161,623.0,CC(C)[C@H]1CN(C[C@@H]1C(=O)O)C(=O)OCC2c3ccccc3-c4c2cccc4,CC(C)[C@@H]1CCNC1
EN300-33280241,735.0,c1ccc2c(c1)-c3ccccc3C2COC(=O)N4CCC[C@@H](C4)CCC(=O)O,CC[C@H]1CCCNC1
EN300-6737468,679.0,CC(C)([C@@H]1CCCN1C(=O)OCC2c3ccccc3-c4c2cccc4)C(=O)O,CC(C)[C@@H]1CCCN1
EN300-3441827,920.0,CC1(CC(C1)(C(=O)O)N(C)C(=O)OCC2c3ccccc3-c4c2cccc4)C,CNC1CC(C)(C)C1
EN300-7471661,1015.0,C[C@H]1C[C@H](N(C[C@H]1C)C(=O)OCC2c3ccccc3-c4c2cccc4)C(=O)O,C[C@H]1CCNC[C@H]1C
EN300-1716587,792.0,CC1(CCN(C[C@@H]1C(=O)O)C(=O)OCC2c3ccccc3-c4c2cccc4)C,CC1(C)CCNCC1
EN300-81377,206.0,c1ccc2c(c1)-c3ccccc3C2COC(=O)N(CC(=O)O)C4CCCCC4,CNC1CCCCC1
EN300-657684,693.0,c1ccc2c(c1)-c3ccccc3C2COC(=O)N4CCC[C@@H](CC4)CC(=O)O,C[C@H]1CCCNCC1
EN300-657656,666.0,CC1(CCCN([C@@H]1C(=O)O)C(=O)OCC2c3ccccc3-c4c2cccc4)C,CC1(C)CCCNC1
EN300-624051,538.0,CN(C(=O)OCC1c2ccccc2-c3c1cccc3)C4(CCCCC4)C(=O)O,CNC1CCCCC1
EN300-657657,601.0,C[C@@H]1C[C@@H](C[C@@H](N1C(=O)OCC2c3ccccc3-c4c2cccc4)C)C(=O)O,C[C@H]1CCC[C@@H](C)N1
EN300-372880,1117.0,c1ccc2c(c1)-c3ccccc3C2COC(=O)N4CCCC[C@@H]4CCC(=O)O,CC[C@H]1CCCCN1
EN300-657686,454.0,c1ccc2c(c1)-c3ccccc3C2COC(=O)N4CCN(C(=O)C4)CC(=O)O,CN1CCNCC1=O
EN300-755418,601.0,CN1C[C@H](N(CC1=O)C(=O)OCC2c3ccccc3-c4c2cccc4)C(=O)O,CN1CCNCC1=O
EN300-657685,1288.0,c1ccc2c(c1)-c3ccccc3C2COC(=O)N4CCNC(=O)[C@@H]4CC(=O)O,C[C@@H]1NCCNC1=O
EN300-322341,178.0,c1ccc2c(c1)-c3ccccc3C2COC(=O)NC4CCN(CC4)CC(=O)O,CN1CCC(N)CC1
EN300-81268,601.0,c1ccc2c(c1)-c3ccccc3C2COC(=O)N4CCN(CC4)CCC(=O)O,CCN1CCNCC1
EN300-6737604,842.0,c1ccc2c(c1)-c3ccccc3C2COC(=O)N4CCC(=C(C(=O)O)F)CC4,FC=C1CCNCC1
EN300-39677395,977.0,CO[C@@H]1CCN([C@@H](C1)C(=O)O)C(=O)OCC2c3ccccc3-c4c2cccc4,COC1CCNCC1
EN300-657709,743.0,c1ccc2c(c1)-c3ccccc3C2COC(=O)N4CCC[C@](C4)(CC(=O)O)O,C[C@]1(O)CCCNC1
EN300-657707,637.0,COC[C@]1(CCCN1C(=O)OCC2c3ccccc3-c4c2cccc4)C(=O)O,COC[C@@H]1CCCN1
EN300-27716070,1459.0,c1ccc2c(c1)-c3ccccc3C2COC(=O)N4CCO[C@H](C4)CCC(=O)O,CC[C@H]1CNCCO1
EN300-26864749,494.0,COC[C@H]1C[C@H](N(C1)C(=O)OCC2c3ccccc3-c4c2cccc4)C(=O)O,COC[C@H]1CCNC1
EN300-27707830,1300.0,CC1CN(CC(O1)CC(=O)O)C(=O)OCC2c3ccccc3-c4c2cccc4,CC1CNCC(C)O1
EN300-657703,792.0,COC1CCN(C(C1)C(=O)O)C(=O)OCC2c3ccccc3-c4c2cccc4,COC1CCNCC1
EN300-7447999,672.0,CO[C@H]1C[C@H](CN(C1)C(=O)OCC2c3ccccc3-c4c2cccc4)C(=O)O,CO[C@H]1CCCNC1
EN300-6766690,672.0,CC1(CO[C@@H](CN1C(=O)OCC2c3ccccc3-c4c2cccc4)C(=O)O)C,CC1(C)COCCN1
EN300-1588056,1065.0,CO[C@H]1C[C@H](N(C1)C(=O)OCC2c3ccccc3-c4c2cccc4)CC(=O)O,CO[C@@H]1CN[C@H](C)C1
EN300-657710,708.0,c1ccc2c(c1)-c3ccccc3C2COC(=O)N(C[C@H]4CCCO4)CC(=O)O,CNC[C@H]1CCCO1
EN300-624027,601.0,COC[C@@]1(CCN(C1)C(=O)OCC2c3ccccc3-c4c2cccc4)C(=O)O,COC[C@H]1CCNC1
EN300-81479,1300.0,CN(C(=O)OCC1c2ccccc2-c3c1cccc3)C4(CCOCC4)C(=O)O,CNC1CCOCC1
EN300-657698,601.0,c1ccc2c(c1)-c3ccccc3C2COC(=O)N(CC(=O)O)C4CCOCC4,CNC1CCOCC1
EN300-1165906,835.0,COC1CN(CCC1C(=O)O)C(=O)OCC2c3ccccc3-c4c2cccc4,CO[C@H]1CCCNC1
EN300-1268419,693.0,c1ccc2c(c1)-c3ccccc3C2COC(=O)N4CCC(CC4)(CC(=O)O)O,CC1(O)CCNCC1
EN300-6746974,862.0,CC1(CN(C[C@H](O1)C(=O)O)C(=O)OCC2c3ccccc3-c4c2cccc4)C,CC1(C)CNCCO1
EN300-6497547,763.0,CCO[C@@H]1C[C@H](N(C1)C(=O)OCC2c3ccccc3-c4c2cccc4)C(=O)O,CCO[C@@H]1CCNC1
EN300-26977651,1082.0,CC1([C@H](N(CCO1)C(=O)OCC2c3ccccc3-c4c2cccc4)C(=O)O)C,CC1(C)CNCCO1
EN300-26862848,1205.0,c1ccc2c(c1)-c3ccccc3C2COC(=O)N4CCOC[C@H](C4)CC(=O)O,C[C@H]1CNCCOC1
EN300-657705,559.0,c1ccc2c(c1)-c3ccccc3C2COC(=O)N4CCC(CC4)[C@@H](C(=O)O)O,OCC1CCNCC1
EN300-657700,1393.0,COC[C@@H](C(=O)O)N(C1CC1)C(=O)OCC2c3ccccc3-c4c2cccc4,COCCNC1CC1
EN300-624063,842.0,COC1(CCN(CC1)C(=O)OCC2c3ccccc3-c4c2cccc4)C(=O)O,COC1CCNCC1
EN300-657711,637.0,c1ccc2c(c1)-c3ccccc3C2COC(=O)N4CCC[C@@H](C4)OCC(=O)O,CO[C@H]1CCCNC1
EN300-304185,701.0,CC1(CC(CN1C(=O)OCC2c3ccccc3-c4c2cccc4)OC)C(=O)O,COC1CNC(C)C1
EN300-153567,601.0,c1ccc2c(c1)-c3ccccc3C2COC(=O)N4CCC(CC4)OCC(=O)O,COC1CCNCC1
EN300-39919561,735.0,CC(C)C[C@@H](CC(=O)O)N(C)C(=O)OCC1c2ccccc2-c3c1cccc3,CN[C@H](C)CC(C)C
EN300-814209,714.0,CC(C)(C)C[C@@H](C(=O)O)N(C)C(=O)OCC1c2ccccc2-c3c1cccc3,CNCCC(C)(C)C
EN300-6499003,679.0,CN(C)C(=O)C[C@@H](C(=O)O)NC(=O)OCC1c2ccccc2-c3c1cccc3,CN(C)C(=O)CCN
EN300-1556517,842.0,CN(CCC(=O)O)CCN(C)C(=O)OCC1c2ccccc2-c3c1cccc3,CCN(C)CCNC
EN300-7434020,735.0,c1ccc2c(c1)-c3ccccc3C2COC(=O)N4CC(C(C(C4)O)O)C(=O)O,OC1CCNCC1O
EN300-26678922,1065.0,c1ccc2c(c1)-c3ccccc3C2COC(=O)N4CC[C@]([C@@H](C4)O)(C(=O)O)O,O[C@@H]1CCNC[C@H]1O
EN300-7538779,1276.0,c1ccc2c(c1)-c3ccccc3C2COC(=O)N4CC[C@H]([C@H]([C@H]4C(=O)O)O)O,O[C@H]1CNCC[C@H]1O
EN300-26864692,2126.0,c1ccc2c(c1)-c3ccccc3C2COC(=O)N4CC[C@](C4)(CCF)C(=O)O,FCC[C@@H]1CCNC1
EN300-26864693,1143.0,c1ccc2c(c1)-c3ccccc3C2COC(=O)N4CCC[C@@]4(CCF)C(=O)O,FCC[C@@H]1CCCN1
EN300-26682940,735.0,CC1(CN(C[C@]1(C(=O)O)F)C(=O)OCC2c3ccccc3-c4c2cccc4)C,CC1(C)CNC[C@@H]1F
EN300-6737486,743.0,c1ccc2c(c1)-c3ccccc3C2COC(=O)N4CCC(CC4)[C@@H](C(=O)O)F,FCC1CCNCC1
EN300-657717,601.0,c1ccc2c(c1)-c3ccccc3C2COC(=O)N4CCSC[C@@H]4CC(=O)O,C[C@H]1CSCCN1
EN300-6737626,143.0,CS[C@@H]1C[C@H](N(C1)C(=O)OCC2c3ccccc3-c4c2cccc4)C(=O)O,CS[C@@H]1CCNC1
EN300-6492519,601.0,c1ccc2c(c1)C[C@@H](N2C(=O)OCC3c4ccccc4-c5c3cccc5)C(=O)O,c1ccc2c(c1)CCN2
EN300-1702961,686.0,c1ccc2c(c1)-c3ccccc3C2COC(=O)N4CCc5c4cccc5C(=O)O,c1ccc2c(c1)CCN2
EN300-814201,32.0,c1ccc2c(c1)C[C@H](N2C(=O)OCC3c4ccccc4-c5c3cccc5)C(=O)O,c1ccc2c(c1)CCN2
EN300-81433,637.0,c1ccc2c(c1)-c3ccccc3C2COC(=O)N4Cc5ccc(cc5C4)C(=O)O,c1ccc2c(c1)CNC2
EN300-657720,601.0,c1ccc2c(c1)-c3ccccc3C2COC(=O)N4CCc5c4ccc(c5)C(=O)O,c1ccc2c(c1)CCN2
EN300-657718,538.0,c1ccc2c(c1)-c3ccccc3C2COC(=O)N4Cc5cccc(c5C4)C(=O)O,c1ccc2c(c1)CNC2
EN300-713867,601.0,c1ccc2c(c1)-c3ccccc3C2COC(=O)N4CCc5c4cc(cc5)C(=O)O,c1ccc2c(c1)CCN2
EN300-657719,601.0,c1ccc2c(c1)-c3ccccc3C2COC(=O)N4C[C@H](c5c4cccc5)C(=O)O,c1ccc2c(c1)CCN2
EN300-6731687,672.0,c1ccc2c(c1)-c3ccccc3C2COC(=O)N4Cc5cc(cnc5C4)C(=O)O,c1cnc2c(c1)CNC2
EN300-658322,1153.0,c1ccc2c(c1)-c3ccccc3C2COC(=O)N4Cc5ccc(nc5C4)C(=O)O,c1cnc2c(c1)CNC2
EN300-26667665,1065.0,c1ccc2c(c1)-c3ccccc3C2COC(=O)N4Cc5c(ccnc5C4)C(=O)O,c1cnc2c(c1)CNC2
EN300-27115216,743.0,CP(=O)(C)CN(CC(=O)O)C(=O)OCC1c2ccccc2-c3c1cccc3,CNCP(C)(C)=O
EN300-27702298,749.0,C[C@@]1(CN(CC1(F)F)C(=O)OCC2c3ccccc3-c4c2cccc4)C(=O)O,C[C@@H]1CNCC1(F)F
EN300-816008,743.0,c1ccc2c(c1)-c3ccccc3C2COC(=O)N4CC(C[C@@H]4CC(=O)O)(F)F,C[C@H]1CC(F)(F)CN1
EN300-6479896,672.0,c1ccc2c(c1)-c3ccccc3C2COC(=O)N4CCC(C[C@H]4C(=O)O)(F)F,FC1(F)CCNCC1
EN300-2009610,672.0,C[C@]1(CC(CN1C(=O)OCC2c3ccccc3-c4c2cccc4)(F)F)C(=O)O,C[C@H]1CC(F)(F)CN1
EN300-6499378,1015.0,c1ccc2c(c1)-c3ccccc3C2COC(=O)N4C[C@H](CC(C4)(F)F)C(=O)O,FC1(F)CCCNC1
EN300-7494125,743.0,c1ccc2c(c1)-c3ccccc3C2COC(=O)N4CC[C@@H](C4)C(C(=O)O)(F)F,FC(F)[C@H]1CCNC1
EN300-624069,749.0,c1ccc2c(c1)-c3ccccc3C2COC(=O)N4CC[C@@H](C(C4)(F)F)C(=O)O,FC1(F)CCCNC1
EN300-624060,601.0,c1ccc2c(c1)-c3ccccc3C2COC(=O)N4CCC([C@H](C4)C(=O)O)(F)F,FC1(F)CCNCC1
EN300-717226,679.0,c1ccc2c(c1)-c3ccccc3C2COC(=O)N4C[C@@H]([C@H](C4)C(=O)O)C(F)F,FC(F)[C@@H]1CCNC1
EN300-624088,806.0,c1ccc2c(c1)-c3ccccc3C2COC(=O)N4Cc5cnc(nc5C4)C(=O)O,c1ncc2c(n1)CNC2
EN300-81383,601.0,CN([C@H](c1ccccc1)C(=O)O)C(=O)OCC2c3ccccc3-c4c2cccc4,CNCc1ccccc1
EN300-81305,25.0,c1ccc(cc1)CN(CC(=O)O)C(=O)OCC2c3ccccc3-c4c2cccc4,CNCc1ccccc1
EN300-81468,601.0,CN(Cc1ccc(cc1)C(=O)O)C(=O)OCC2c3ccccc3-c4c2cccc4,CNCc1ccccc1
EN300-1716614,552.0,c1ccc2c(c1)-c3ccccc3C2COC(=O)N4CCn5ccc(c5C4)C(=O)O,c1cc2n(c1)CCNC2
EN300-81321,431.0,c1ccc2c(c1)-c3ccccc3C2COC(=O)N(Cc4ccccn4)CC(=O)O,CNCc1ccccn1
EN300-81132,601.0,c1ccc2c(c1)-c3ccccc3C2COC(=O)N(Cc4cccnc4)CC(=O)O,CNCc1cccnc1
EN300-1073526,842.0,c1ccc2c(c1)-c3ccccc3C2COC(=O)N4CC(C4)(C(C(=O)O)(F)F)O,OC1(C(F)F)CNC1
EN300-657732,842.0,c1ccc2c(c1)-c3ccccc3C2COC(=O)N4CCc5c(cco5)[C@@H]4C(=O)O,c1cc2c(o1)CCNC2
EN300-26618206,920.0,c1ccc2c(c1)-c3ccccc3C2COC(=O)N4CCn5c(cc(n5)C(=O)O)C4,c1cc2n(n1)CCNC2
EN300-35395873,735.0,c1ccc2c(c1)-c3ccccc3C2COC(=O)N4Cc5c(c[nH]n5)[C@@H](C4)C(=O)O,c1[nH]nc2c1CCNC2
EN300-7547304,743.0,c1ccc2c(c1)-c3ccccc3C2COC(=O)N4CC(C4)(C(=O)O)n5cccn5,c1cnn(C2CNC2)c1
EN300-7426649,779.0,Cn1c2c(cn1)[C@@H](N(C2)C(=O)OCC3c4ccccc4-c5c3cccc5)C(=O)O,Cn1ncc2c1CNC2
EN300-755429,559.0,c1ccc2c(c1)-c3ccccc3C2COC(=O)N4CCn5cnc(c5C4)C(=O)O,c1ncn2c1CNCC2
EN300-33245802,977.0,c1ccc2c(c1)-c3ccccc3C2COC(=O)N4CC(C4)n5ccc(n5)C(=O)O,c1cnn(C2CNC2)c1
EN300-657734,607.0,c1ccc2c(c1)-c3ccccc3C2COC(=O)N4Cc5c(nc[nH]5)C[C@H]4C(=O)O,c1nc2c([nH]1)CNCC2
EN300-1706958,637.0,c1ccc2c(c1)-c3ccccc3C2COC(=O)N4CCn5c(cnc5C4)C(=O)O,c1cn2c(n1)CNCC2
EN300-1556099,601.0,c1ccc2c(c1)-c3ccccc3C2COC(=O)N4CCc5c([nH]nc5C(=O)O)C4,c1n[nH]c2c1CCNC2
EN300-843814,607.0,c1ccc2c(c1)-c3ccccc3C2COC(=O)N4CCn5c(c(cn5)C(=O)O)C4,c1cc2n(n1)CCNC2
EN300-658333,601.0,c1ccc2c(c1)-c3ccccc3C2COC(=O)N4CCc5c(c([nH]n5)C(=O)O)C4,c1[nH]nc2c1CNCC2
EN300-716071,701.0,c1ccc2c(c1)-c3ccccc3C2COC(=O)N4CC(C4)c5cc([nH]n5)C(=O)O,c1cc(C2CNC2)n[nH]1
EN300-7492222,1645.0,c1ccc2c(c1)-c3ccccc3C2COC(=O)N4CC(C4)C56CC(C5)(C6)C(=O)O,C1NCC1C12CC(C1)C2
EN300-6482950,672.0,c1ccc2c(c1)-c3ccccc3C2COC(=O)N4[C@@H]5CC[C@H]4[C@@H]6C[C@@]6(C5)C(=O)O,C1C[C@@H]2C[C@@H]3C[C@H]3[C@H]1N2
EN300-1587473,538.0,c1ccc2c(c1)-c3ccccc3C2COC(=O)N4CCC(=CC4)C5(CC5)C(=O)O,C1=C(C2CC2)CCNC1
EN300-28302634,977.0,c1ccc2c(c1)-c3ccccc3C2COC(=O)N4CCc5c(c(on5)C(=O)O)C4,c1onc2c1CNCC2
EN300-6739749,920.0,c1ccc2c(c1)-c3ccccc3C2COC(=O)N4CC(C4)c5cc(on5)C(=O)O,c1cc(C2CNC2)no1
EN300-6737211,977.0,c1ccc2c(c1)-c3ccccc3C2COC(=O)N4CC(C4)c5c(con5)C(=O)O,c1cc(C2CNC2)no1
EN300-1587664,623.0,c1ccc2c(c1)-c3ccccc3C2COC(=O)N4CC(C4)c5nc(co5)C(=O)O,c1coc(C2CNC2)n1
EN300-650221,464.0,c1ccc2c(c1)-c3ccccc3C2COC(=O)Nc4cccn(c4=O)CC(=O)O,Cn1cccc(N)c1=O
EN300-1666364,623.0,c1ccc2c(c1)-c3ccccc3C2COC(=O)N4CC(C4)c5c(nco5)C(=O)O,c1ncc(C2CNC2)o1
EN300-657736,714.0,c1ccc2c(c1)-c3ccccc3C2COC(=O)N4CCc5c(c(no5)C(=O)O)C4,c1noc2c1CNCC2
EN300-27145602,743.0,c1ccc2c(c1)-c3ccccc3C2COC(=O)N4CC(C4)n5cnc(n5)C(=O)O,c1ncn(C2CNC2)n1
EN300-657737,629.0,c1ccc2c(c1)-c3ccccc3C2COC(=O)N4Cc5nncn5C[C@H]4C(=O)O,c1nnc2n1CCNC2
EN300-657738,735.0,c1ccc2c(c1)-c3ccccc3C2COC(=O)N4CC(C4)n5c(cnn5)C(=O)O,c1cn(C2CNC2)nn1
EN300-657739,530.0,c1ccc2c(c1)-c3ccccc3C2COC(=O)N4CC(C4)n5cc(nn5)C(=O)O,c1cn(C2CNC2)nn1
EN300-657740,1551.0,Cc1c(cc(n1C)CNC(=O)OCC2c3ccccc3-c4c2cccc4)C(=O)O,Cc1ccc(CN)n1C
EN300-657744,524.0,Cc1c(cc(o1)CN(C)C(=O)OCC2c3ccccc3-c4c2cccc4)C(=O)O,CNCc1ccc(C)o1
EN300-1297442,822.0,Cn1ccnc1C[C@@H](C(=O)O)NC(=O)OCC2c3ccccc3-c4c2cccc4,Cn1ccnc1CCN
EN300-657748,623.0,Cn1cc(cn1)[C@H](C(=O)O)N(C)C(=O)OCC2c3ccccc3-c4c2cccc4,CNCc1cnn(C)c1
EN300-657749,607.0,c1ccc2c(c1)-c3ccccc3C2COC(=O)N4Cc5cc(sc5C4)C(=O)O,c1cc2c(s1)CNC2
EN300-1673006,920.0,c1ccc2c(c1)-c3ccccc3C2COC(=O)N4CCC5C4CCC(C5)C(=O)O,C1CCC2NCCC2C1
EN300-28302706,1225.0,c1ccc2c(c1)-c3ccccc3C2COC(=O)N4CCC5(C4)CC(C5)CC(=O)O,CC1CC2(CCNC2)C1
EN300-657760,822.0,c1ccc2c(c1)-c3ccccc3C2COC(=O)N4CC5CC(C4)CC(C5)C(=O)O,C1CC2CNCC(C1)C2
EN300-1671602,985.0,c1ccc2c(c1)-c3ccccc3C2COC(=O)N4CC5CCCC(C5C4)C(=O)O,C1CCC2CNCC2C1
EN300-27148092,735.0,c1ccc2c(c1)-c3ccccc3C2COC(=O)N4CC[C@H]5[C@@H]4CCC[C@@H]5C(=O)O,C1CC[C@@H]2NCC[C@@H]2C1
EN300-1722726,977.0,c1ccc2c(c1)-c3ccccc3C2COC(=O)N4C[C@@H]5CCCC[C@@H]5C4C(=O)O,C1CC[C@H]2CNC[C@H]2C1
EN300-1666793,623.0,c1ccc2c(c1)-c3ccccc3C2COC(=O)N4CCC5(CCC5)[C@H](C4)C(=O)O,C1CC2(C1)CCNCC2
EN300-7427267,672.0,c1ccc2c(c1)-c3ccccc3C2COC(=O)N4C[C@H](CC45CCC5)CC(=O)O,C[C@@H]1CNC2(CCC2)C1
EN300-6473694,948.0,c1ccc2c(c1)-c3ccccc3C2COC(=O)N4CC5(CCC5)CC[C@H]4C(=O)O,C1CNCC2(C1)CCC2
EN300-7425944,672.0,c1ccc2c(c1)-c3ccccc3C2COC(=O)N4CC[C@@H](CC45CCC5)C(=O)O,C1CCC2(CCC2)NC1
EN300-657759,977.0,c1ccc2c(c1)-c3ccccc3C2COC(=O)N4C5CCC4CC(C5)CC(=O)O,CC1CC2CCC(C1)N2
EN300-1073309,601.0,c1ccc2c(c1)-c3ccccc3C2COC(=O)N4C[C@H]5CCCC[C@]5(C4)C(=O)O,C1CC[C@@H]2CNC[C@H]2C1
EN300-1073308,637.0,c1ccc2c(c1)-c3ccccc3C2COC(=O)N4CCC(CC4)[C@H]5C[C@@H]5C(=O)O,C1CC(C2CC2)CCN1
EN300-1455781,601.0,c1ccc2c(c1)-c3ccccc3C2COC(=O)N4C[C@@H](C5(C4)CCCC5)C(=O)O,C1CCC2(C1)CCNC2
EN300-657755,835.0,c1ccc2c(c1)-c3ccccc3C2COC(=O)N4CCC[C@@H](C4)C5(CC5)C(=O)O,C1CNC[C@@H](C2CC2)C1
EN300-657750,822.0,c1ccc2c(c1)-c3ccccc3C2COC(=O)N4CCC5C4CC(CC5)C(=O)O,C1CCC2NCCC2C1
EN300-26690639,1065.0,c1ccc2c(c1)-c3ccccc3C2COC(=O)N4CCC(CC4C5CC5)C(=O)O,C1CC[C@@H](C2CC2)NC1
EN300-7549237,1118.0,c1ccc2c(c1)-c3ccccc3C2COC(=O)N4C[C@H](CCC45CCC5)C(=O)O,C1CCC2(CCC2)NC1
EN300-27114780,743.0,C=C[C@H]1CN(CC[C@H]1CC(=O)O)C(=O)OCC2c3ccccc3-c4c2cccc4,C=C[C@H]1CNCC[C@H]1C
EN300-7437509,743.0,c1ccc2c(c1)-c3ccccc3C2COC(=O)N4CC5CCC(C4)C(C5)C(=O)O,C1CC2CCC1CNC2
EN300-6734040,672.0,c1ccc2c(c1)-c3ccccc3C2COC(=O)N4CC[C@](C4)(C5CCC5)C(=O)O,C1CC([C@H]2CCNC2)C1
EN300-6737666,672.0,c1ccc2c(c1)-c3ccccc3C2COC(=O)N4CCC5(CC4)CC(C5)C(=O)O,C1CC2(C1)CCNCC2
EN300-6730606,672.0,c1ccc2c(c1)-c3ccccc3C2COC(=O)N4CCC[C@@]5([C@H]4CCC5)C(=O)O,C1CN[C@@H]2CCC[C@H]2C1
EN300-36969839,1225.0,c1ccc2c(c1)-c3ccccc3C2COC(=O)N4CC5(C4)CCC(CC5)C(=O)O,C1CCC2(CC1)CNC2
EN300-1587471,779.0,c1ccc2c(c1)-c3ccccc3C2COC(=O)N4CCC(CC4)C5(CC5)C(=O)O,C1CC(C2CC2)CCN1
EN300-624015,35.0,c1ccc2c(c1)-c3ccccc3C2COC(=O)N4[C@H]5CCCC[C@H]5C[C@H]4C(=O)O,C1CC[C@@H]2NCC[C@@H]2C1
EN300-81291,1183.0,c1ccc2c(c1)-c3ccccc3C2COC(=O)N4C5CCCCC5CC4C(=O)O,C1CCC2NCCC2C1
EN300-657761,1235.0,c1ccc2c(c1)-c3ccccc3C2COC(=O)N4CC[C@@]5(C4)CC(=NO5)C(=O)O,C1=NO[C@]2(C1)CCNC2
EN300-6759975,721.0,c1ccc2c(c1)-c3ccccc3C2COC(=O)N4CC(C4)C5=NO[C@@H](C5)C(=O)O,C1CC(C2CNC2)=NO1
EN300-7425727,672.0,c1ccc2c(c1)-c3ccccc3C2COC(=O)N4CCN(CC4)C5(CC5)C(=O)O,C1CN(C2CC2)CCN1
EN300-27716775,1315.0,c1ccc2c(c1)-c3ccccc3C2COC(=O)N4CC(C4)N5CCC[C@@H]5C(=O)O,C1CCN(C2CNC2)C1
EN300-3408554,538.0,CN([C@@H](CC(F)(F)F)C(=O)O)C(=O)OCC1c2ccccc2-c3c1cccc3,CNCCC(F)(F)F
EN300-1556619,463.0,c1ccc2c(c1)-c3ccccc3C2COC(=O)N(CCC(F)(F)F)CC(=O)O,CNCCC(F)(F)F
EN300-1166975,1040.0,c1ccc2c(c1)-c3ccccc3C2COC(=O)N4C[C@H]5COCC[C@]5(C4)C(=O)O,C1C[C@@H]2CNC[C@H]2CO1
EN300-657770,679.0,c1ccc2c(c1)-c3ccccc3C2COC(=O)N4CC5([C@H]4C(=O)O)CCOCC5,C1CC2(CCO1)CNC2
EN300-26982574,849.0,c1ccc2c(c1)-c3ccccc3C2COC(=O)N4CCOC5([C@H]4C(=O)O)CCC5,C1CC2(C1)CNCCO2
EN300-657768,1135.0,c1ccc2c(c1)-c3ccccc3C2COC(=O)N4CC5COCC(C4)C5C(=O)O,C1NCC2COCC1C2
EN300-27782653,920.0,c1ccc2c(c1)-c3ccccc3C2COC(=O)N4CCO[C@@H]5[C@H]4CC(C5)C(=O)O,C1C[C@@H]2OCCN[C@@H]2C1
EN300-27701950,1015.0,c1ccc2c(c1)-c3ccccc3C2COC(=O)N4CC[C@@H]([C@@H]5[C@@H]4COC5)C(=O)O,C1CN[C@H]2COC[C@@H]2C1
EN300-27150166,1286.0,c1ccc2c(c1)-c3ccccc3C2COC(=O)N4[C@H]5CCO[C@H]5CC[C@H]4C(=O)O,C1CN[C@H]2CCO[C@H]2C1
EN300-27713257,1015.0,c1ccc2c(c1)-c3ccccc3C2COC(=O)N4C[C@@H]5CC[C@H](O[C@H]5C4)C(=O)O,C1CO[C@H]2CNC[C@@H]2C1
EN300-27732609,849.0,c1ccc2c(c1)-c3ccccc3C2COC(=O)N4CC5(C4)CCC[C@H](O5)C(=O)O,C1CCC2(CNC2)OC1
EN300-27733079,849.0,c1ccc2c(c1)-c3ccccc3C2COC(=O)N4CC5(C4)CC[C@H](OC5)C(=O)O,C1COCC2(C1)CNC2
EN300-27148725,1118.0,c1ccc2c(c1)-c3ccccc3C2COC(=O)N4CC5(CCC5)OC[C@H]4C(=O)O,C1CC2(C1)CNCCO2
EN300-6764234,623.0,c1ccc2c(c1)-c3ccccc3C2COC(=O)N4C[C@H](OC5(C4)CCC5)C(=O)O,C1CC2(C1)CNCCO2
EN300-6759830,1008.0,c1ccc2c(c1)-c3ccccc3C2COC(=O)N4C[C@H](OCC45CCC5)C(=O)O,C1CC2(C1)COCCN2
EN300-26664549,1265.0,c1ccc2c(c1)-c3ccccc3C2COC(=O)N4C[C@H]5CCCO[C@]5(C4)C(=O)O,C1CO[C@@H]2CNC[C@H]2C1
EN300-7499405,1163.0,c1ccc2c(c1)-c3ccccc3C2COC(=O)N4C[C@@H](OCC45CC5)CC(=O)O,C[C@H]1CNC2(CC2)CO1
EN300-694843,842.0,c1ccc2c(c1)-c3ccccc3C2COC(=O)N4C[C@H]5CCOC[C@]5(C4)C(=O)O,C1C[C@@H]2CNC[C@H]2CO1
EN300-7430064,1118.0,c1ccc2c(c1)-c3ccccc3C2COC(=O)N4CCC[C@@]5([C@@H]4COC5)C(=O)O,C1CN[C@H]2COC[C@H]2C1
EN300-37156277,672.0,c1ccc2c(c1)-c3ccccc3C2COC(=O)N4CCC5(C4)CC(C5)(C(=O)O)O,OC1CC2(CCNC2)C1
EN300-27107830,743.0,c1ccc2c(c1)-c3ccccc3C2COC(=O)N4C[C@@H]5[C@](C4)(CCCO5)C(=O)O,C1CO[C@@H]2CNC[C@H]2C1
EN300-1067453,623.0,c1ccc2c(c1)-c3ccccc3C2COC(=O)N4CC5(C4)C[C@@H](OC5)CC(=O)O,C[C@H]1CC2(CNC2)CO1
EN300-27121994,1327.0,C[C@H]1CC[C@@H](CN1C(=O)OCC2c3ccccc3-c4c2cccc4)CCC(=O)O,CC[C@H]1CC[C@H](C)NC1
EN300-657783,538.0,CC(C)(C1CCN(CC1)C(=O)OCC2c3ccccc3-c4c2cccc4)C(=O)O,CC(C)C1CCNCC1
EN300-6759871,721.0,CC1(CN(CC[C@@H]1CC(=O)O)C(=O)OCC2c3ccccc3-c4c2cccc4)C,C[C@H]1CCNCC1(C)C
EN300-27113760,1118.0,c1ccc2c(c1)-c3ccccc3C2COC(=O)N4CCCC(CCC4)CC(=O)O,CC1CCCNCCC1
EN300-28247372,920.0,CC(C)(C)[C@H]1CN(C[C@@H]1C(=O)O)C(=O)OCC2c3ccccc3-c4c2cccc4,CC(C)(C)[C@@H]1CCNC1
EN300-28310721,920.0,c1ccc2c(c1)-c3ccccc3C2COC(=O)N4CCCC[C@@H](C4)CCC(=O)O,CC[C@H]1CCCCNC1
EN300-27692836,849.0,CC[C@H]1CN(CC[C@H]1CC(=O)O)C(=O)OCC2c3ccccc3-c4c2cccc4,CC[C@H]1CNCC[C@H]1C
EN300-7382393,607.0,c1ccc2c(c1)-c3ccccc3C2COC(=O)N4CCC(CC4)CCCC(=O)O,CCCC1CCNCC1
EN300-27144380,672.0,CC(C)C1(CCN(CC1)C(=O)OCC2c3ccccc3-c4c2cccc4)C(=O)O,CC(C)C1CCNCC1
EN300-7437213,672.0,CC(C)(C)[C@@]1(CCN(C1)C(=O)OCC2c3ccccc3-c4c2cccc4)C(=O)O,CC(C)(C)[C@H]1CCNC1
EN300-1428705,735.0,CC1(CC[C@@H](N(C1)C(=O)OCC2c3ccccc3-c4c2cccc4)CC(=O)O)C,C[C@H]1CCC(C)(C)CN1
EN300-657790,835.0,CC(C)([C@H]1CCCN(C1)C(=O)OCC2c3ccccc3-c4c2cccc4)C(=O)O,CC(C)[C@H]1CCCNC1
EN300-657788,763.0,C[C@@H](CC(=O)O)C1CCN(CC1)C(=O)OCC2c3ccccc3-c4c2cccc4,CC(C)C1CCNCC1
EN300-657776,494.0,C[C@@H](CC1CCN(CC1)C(=O)OCC2c3ccccc3-c4c2cccc4)C(=O)O,CCCC1CCNCC1
EN300-321615,142.0,CN(C(=O)OCC1c2c(cccc2)-c3c1cccc3)C[C@H]4CC[C@@H](CC4)C(=O)O,CNCC1CCCCC1
EN300-6490088,948.0,c1ccc2c(c1)-c3ccccc3C2COC(=O)N4CC[C@H](C[C@H]4C(=O)N)C(=O)O,NC(=O)[C@@H]1CCCCN1
EN300-1719357,237.0,c1ccc2c(c1)-c3ccccc3C2COC(=O)N[C@H]4CCCN(C4=O)CC(=O)O,CN1CCC[C@H](N)C1=O
EN300-6745616,288.0,c1ccc2c(c1)-c3ccccc3C2COC(=O)N4CCC[C@@H]4C(=O)NCC(=O)O,CNC(=O)[C@H]1CCCN1
EN300-26678733,1118.0,CN1CCN([C@H](C1=O)CC(=O)O)C(=O)OCC2c3ccccc3-c4c2cccc4,C[C@@H]1NCCN(C)C1=O
EN300-37410726,538.0,c1ccc2c(c1)-c3ccccc3C2COC(=O)N4CCC(=O)N(CC4)CC(=O)O,CN1CCNCCC1=O
EN300-650200,977.0,c1ccc2c(c1)-c3ccccc3C2COC(=O)NCCN4C[C@H](CC4=O)C(=O)O,NCCN1CCCC1=O
EN300-657792,785.0,C[C@@H](C(=O)O)N1CCN(CC1=O)C(=O)OCC2c3ccccc3-c4c2cccc4,CCN1CCNCC1=O
EN300-657791,672.0,c1ccc2c(c1)-c3ccccc3C2COC(=O)N[C@H]4CCN(C4=O)CCC(=O)O,CCN1CC[C@H](N)C1=O
EN300-657793,601.0,c1ccc2c(c1)-c3ccccc3C2COC(=O)N4CCC[C@H]4C(=O)NCC(=O)O,CNC(=O)[C@@H]1CCCN1
EN300-1556391,2687.0,c1ccc2c(c1)-c3ccccc3C2COC(=O)NCCN4CCC(CC4)C(=O)O,NCCN1CCCCC1
EN300-650219,1459.0,c1ccc2c(c1)-c3ccccc3C2COC(=O)N[C@@H](CN4CCCCC4)C(=O)O,NCCN1CCCCC1
EN300-657804,763.0,CC(C)(C(=O)O)N1CCN(CC1)C(=O)OCC2c3ccccc3-c4c2cccc4,CC(C)N1CCNCC1
EN300-657797,666.0,CN(CC(=O)O)C1CCN(CC1)C(=O)OCC2c3ccccc3-c4c2cccc4,CN(C)C1CCNCC1
EN300-27150506,743.0,c1ccc2c(c1)-c3ccccc3C2COC(=O)N4CC5C(C4)OC(CO5)C(=O)O,C1COC2CNCC2O1
EN300-37101573,920.0,c1ccc2c(c1)-c3ccccc3C2COC(=O)N4CC5(C4)COC[C@H](O5)C(=O)O,C1COC2(CNC2)CO1
EN300-26674972,1065.0,c1ccc2c(c1)-c3ccccc3C2COC(=O)N4C[C@@]5(CCC[C@@]5(C4)F)C(=O)O,F[C@]12CCC[C@H]1CNC2
EN300-657806,538.0,c1ccc2c(c1)-c3ccccc3C2COC(=O)N4C[C@](C5(C4)CCC5)(C(=O)O)F,F[C@H]1CNCC12CCC2
EN300-43608043,607.0,c1ccc2c(c1)-c3ccccc3C2COC(=O)N4CCC(CC4)C[C@@H](C(=O)O)O,OCCC1CCNCC1
EN300-43354685,481.0,CC1(CCN(CC1)C(=O)OCC2c3ccccc3-c4c2cccc4)OCC(=O)O,COC1(C)CCNCC1
EN300-657814,842.0,COC[C@]1(CCCCN1C(=O)OCC2c3ccccc3-c4c2cccc4)C(=O)O,COC[C@@H]1CCCCN1
EN300-657807,763.0,COCC[C@@]1(CCN(C1)C(=O)OCC2c3ccccc3-c4c2cccc4)C(=O)O,COCC[C@H]1CCNC1
EN300-7549589,1118.0,CO[C@@H](C1CCN(CC1)C(=O)OCC2c3ccccc3-c4c2cccc4)C(=O)O,COCC1CCNCC1
EN300-7425159,1008.0,CC1(CO[C@H](CN1C(=O)OCC2c3ccccc3-c4c2cccc4)CC(=O)O)C,C[C@H]1CNC(C)(C)CO1
EN300-1661039,735.0,c1ccc2c(c1)-c3ccccc3C2COC(=O)N4CCC(CC4)COCC(=O)O,COCC1CCNCC1
EN300-3415102,1065.0,CN(C(C1CCCOC1)C(=O)O)C(=O)OCC2c3ccccc3-c4c2cccc4,CNC[C@H]1CCCOC1
EN300-657818,546.0,c1ccc2c(c1)-c3ccccc3C2COC(=O)N4CCC(CC4)OCCC(=O)O,CCOC1CCNCC1
EN300-658329,763.0,COC[C@@]1(CCCN(C1)C(=O)OCC2c3ccccc3-c4c2cccc4)C(=O)O,COC[C@H]1CCCNC1
EN300-657816,644.0,c1ccc2c(c1)-c3ccccc3C2COC(=O)N4CCC[C@@H](C4)COCC(=O)O,COC[C@H]1CCCNC1
EN300-266245,708.0,COCC1(CCN(CC1)C(=O)OCC2c3ccccc3-c4c2cccc4)C(=O)O,COCC1CCNCC1
EN300-2007968,666.0,CCCCC[C@@H](C(=O)O)N(CC)C(=O)OCC1c2ccccc2-c3c1cccc3,CCCCCCNCC
EN300-81480,601.0,CCCCCC[C@@H](C(=O)O)N(C)C(=O)OCC1c2ccccc2-c3c1cccc3,CCCCCCCNC
EN300-27165901,252.0,CN(C)C(=O)CC[C@@H](C(=O)O)NC(=O)OCC1c2ccccc2-c3c1cccc3,CN(C)C(=O)CCCN
EN300-37454445,252.0,CN(C)C(=O)CC[C@H](C(=O)O)NC(=O)OCC1c2ccccc2-c3c1cccc3,CN(C)C(=O)CCCN
EN300-650287,701.0,c1ccc2c(c1)-c3ccccc3C2COC(=O)N[C@@H](CN4CCOCC4)C(=O)O,NCCN1CCOCC1
EN300-657820,749.0,c1ccc2c(c1)-c3ccccc3C2COC(=O)N4C[C@](C5(C4)COC5)(C(=O)O)F,F[C@H]1CNCC12COC2
EN300-27779311,1235.0,c1ccc2c(c1)-c3ccccc3C2COC(=O)N4CC(OC(C4)CO)CC(=O)O,CC1CNCC(CO)O1
EN300-27707846,842.0,CO[C@H]1CN([C@@H]([C@H]1OC)C(=O)O)C(=O)OCC2c3ccccc3-c4c2cccc4,CO[C@H]1CNC[C@H]1OC
EN300-1073356,1235.0,c1ccc2c(c1)-c3ccccc3C2COC(=O)N4C[C@H](O[C@H](C4)CO)CC(=O)O,C[C@@H]1CNC[C@H](CO)O1
EN300-81339,637.0,CCOCCN(C[C@H](C)C(=O)O)C(=O)OCC1c2ccccc2-c3c1cccc3,CCCNCCOCC
EN300-657824,693.0,c1ccc2c(c1)-c3ccccc3C2COC(=O)N4CCC(CC4)SCC(=O)O,CSC1CCNCC1
EN300-313008,714.0,c1ccc2c(c1)CCN([C@H]2C(=O)O)C(=O)OCC3c4ccccc4-c5c3cccc5,c1ccc2c(c1)CCNC2
EN300-657826,601.0,c1ccc2c(c1)-c3ccccc3C2COC(=O)N4CCc5cccc(c5C4)C(=O)O,c1ccc2c(c1)CCNC2
EN300-2008105,601.0,c1ccc2c(c1)-c3ccccc3C2COC(=O)N4CC[C@H](c5c4cccc5)C(=O)O,c1ccc2c(c1)CCCN2
EN300-657833,672.0,c1ccc2c(c1)CN(C[C@H]2C(=O)O)C(=O)OCC3c4ccccc4-c5c3cccc5,c1ccc2c(c1)CCNC2
EN300-624077,19.0,c1ccc2c(c1)C[C@H](N(C2)C(=O)OCC3c4ccccc4-c5c3cccc5)C(=O)O,c1ccc2c(c1)CCNC2
EN300-657827,601.0,c1ccc2c(c1)-c3ccccc3C2COC(=O)N4CCc5cc(ccc5C4)C(=O)O,c1ccc2c(c1)CCNC2
EN300-26666597,1065.0,c1ccc2c(c1)-c3ccccc3C2COC(=O)N4CC(C4)c5cccc(c5)C(=O)O,c1ccc(C2CNC2)cc1
EN300-81128,19.0,c1ccc2c(c1)C[C@@H](N(C2)C(=O)OCC3c4ccccc4-c5c3cccc5)C(=O)O,c1ccc2c(c1)CCNC2
EN300-657832,672.0,c1ccc2c(c1)-c3ccccc3C2COC(=O)N4CCc5c4cc(cc5)CC(=O)O,Cc1ccc2c(c1)NCC2
EN300-7541479,1065.0,c1ccc2c(c1)-c3ccccc3C2COC(=O)N4CC(C4)c5ccc(cc5)C(=O)O,c1ccc(C2CNC2)cc1
EN300-1692932,607.0,c1ccc(cc1)[C@H]2CN([C@@H]2C(=O)O)C(=O)OCC3c4ccccc4-c5c3cccc5,c1ccc(C2CNC2)cc1
EN300-81369,693.0,c1ccc2c(c1)-c3ccccc3C2COC(=O)N4CCCc5c4ccc(c5)C(=O)O,c1ccc2c(c1)CCCN2
EN300-657834,546.0,c1ccc2c(c1)-c3ccccc3C2COC(=O)N4CCCc5c4cccc5C(=O)O,c1ccc2c(c1)CCCN2
EN300-657831,1015.0,c1ccc2c(c1)CN([C@H]2CC(=O)O)C(=O)OCC3c4ccccc4-c5c3cccc5,C[C@@H]1NCc2ccccc21
EN300-658318,601.0,c1ccc2c(c1)-c3ccccc3C2COC(=O)N4CCc5c(cccc5C(=O)O)C4,c1ccc2c(c1)CCNC2
EN300-195357,594.0,c1ccc2c(c1)-c3ccccc3C2COC(=O)N4CCc5ccc(cc5C4)C(=O)O,c1ccc2c(c1)CCNC2
EN300-2009232,1015.0,c1ccc2c(c1)-c3ccccc3C2COC(=O)N4CCc5cc(cnc5C4)C(=O)O,c1cnc2c(c1)CCNC2
EN300-7547681,1118.0,c1ccc2c(c1)-c3ccccc3C2COC(=O)N4CCCc5c4ncc(c5)C(=O)O,c1cnc2c(c1)CCCN2
EN300-657835,623.0,c1ccc2c(c1)-c3ccccc3C2COC(=O)N4CCc5ccc(nc5C4)C(=O)O,c1cnc2c(c1)CCNC2
EN300-6492385,601.0,c1ccc2c(c1)-c3ccccc3C2COC(=O)N4CCCc5c4ccc(n5)C(=O)O,c1cnc2c(c1)NCCC2
EN300-755438,877.0,c1ccc2c(c1)-c3ccccc3C2COC(=O)N4CCc5c(c(ccn5)C(=O)O)C4,c1cnc2c(c1)CNCC2
EN300-6472574,891.0,c1ccc2c(c1)-c3ccccc3C2COC(=O)N4CC[C@@H](C(C4)(F)F)CC(=O)O,C[C@H]1CCNCC1(F)F
EN300-6480571,920.0,c1ccc2c(c1)-c3ccccc3C2COC(=O)N4CCC(CC4)(C(F)F)C(=O)O,FC(F)C1CCNCC1
EN300-28228556,1015.0,C[C@@]1(CCN(CC1(F)F)C(=O)OCC2c3ccccc3-c4c2cccc4)C(=O)O,C[C@@H]1CCNCC1(F)F
EN300-3421775,2126.0,c1ccc2c(c1)-c3ccccc3C2COC(=O)N4CCOc5c4cccc5C(=O)O,c1ccc2c(c1)NCCO2
EN300-6492454,672.0,c1ccc2c(c1)-c3ccccc3C2COC(=O)N4CCOc5c4ccc(c5)C(=O)O,c1ccc2c(c1)NCCO2
EN300-657837,601.0,c1ccc2c(c1)-c3ccccc3C2COC(=O)N4C[C@H](Oc5c4cccc5)C(=O)O,c1ccc2c(c1)NCCO2
EN300-27780798,1040.0,CS(=O)(=O)C1(CN(C1)C(=O)OCC2c3ccccc3-c4c2cccc4)C(=O)O,CS(=O)(=O)C1CNC1
EN300-3421776,1135.0,CN(C(=O)OCC1c2ccccc2-c3c1cccc3)C4(CS(=O)(=O)C4)C(=O)O,CNC1CS(=O)(=O)C1
EN300-755417,770.0,c1ccc2c(c1)-c3ccccc3C2COC(=O)N4CCS(=O)(=O)[C@@H](C4)C(=O)O,O=S1(=O)CCNCC1
EN300-657841,701.0,c1ccc2c(c1)-c3ccccc3C2COC(=O)N4CCS(=O)(=O)C[C@H]4C(=O)O,O=S1(=O)CCNCC1
EN300-3421781,487.0,Cc1ccc(cc1)[C@H](C(=O)O)N(C)C(=O)OCC2c3ccccc3-c4c2cccc4,CNCc1ccc(C)cc1
EN300-81053,629.0,Cc1ccc(cc1)N(CCC(=O)O)C(=O)OCC2c3ccccc3-c4c2cccc4,CCNc1ccc(C)cc1
EN300-81059,601.0,Cc1ccccc1N(CCC(=O)O)C(=O)OCC2c3ccccc3-c4c2cccc4,CCNc1ccccc1C
EN300-657855,198.0,C[C@@H](C(=O)O)N(Cc1ccccc1)C(=O)OCC2c3ccccc3-c4c2cccc4,CCNCc1ccccc1
EN300-1703203,19.0,CN([C@H](Cc1ccccc1)C(=O)O)C(=O)OCC2c3ccccc3-c4c2cccc4,CNCCc1ccccc1
EN300-1692653,19.0,CN([C@@H](Cc1ccccc1)C(=O)O)C(=O)OCC2c3ccccc3-c4c2cccc4,CNCCc1ccccc1
EN300-81461,106.0,c1ccc(cc1)CCN(CC(=O)O)C(=O)OCC2c3ccccc3-c4c2cccc4,CNCCc1ccccc1
EN300-81449,231.0,Cc1cccc(c1)CN(CC(=O)O)C(=O)OCC2c3ccccc3-c4c2cccc4,CNCc1cccc(C)c1
EN300-81123,1117.0,c1ccc(cc1)CN(CCC(=O)O)C(=O)OCC2c3ccccc3-c4c2cccc4,CCNCc1ccccc1
EN300-657856,701.0,CN(CCc1ccccc1C(=O)O)C(=O)OCC2c3ccccc3-c4c2cccc4,CNCCc1ccccc1
EN300-657851,198.0,C[C@H](C(=O)O)N(Cc1ccccc1)C(=O)OCC2c3ccccc3-c4c2cccc4,CCNCc1ccccc1
EN300-81186,701.0,c1ccc2c(c1)-c3ccccc3C2COC(=O)N(CCC(=O)O)Cc4ccccn4,CCNCc1ccccn1
EN300-81367,601.0,c1ccc2c(c1)-c3ccccc3C2COC(=O)N(CCC(=O)O)Cc4cccnc4,CCNCc1cccnc1
EN300-658339,920.0,C[C@H]1c2ccc(n2CCN1C(=O)OCC3c4ccccc4-c5c3cccc5)C(=O)O,C[C@@H]1NCCn2cccc21
EN300-7491990,666.0,c1ccc2c(c1)-c3ccccc3C2COC(=O)N[C@H]4CCN(C4)CC(=O)O,CN1CC[C@H](N)C1
EN300-7355619,735.0,COC1(CN(C1)C(=O)OCC2c3ccccc3-c4c2cccc4)C(C(=O)O)(F)F,COC1(C(F)F)CNC1
EN300-44826987,977.0,c1ccc2c(c1)-c3ccccc3C2COC(=O)N4C[C@@H](C[C@@H]4C(=O)O)OC(F)F,FC(F)O[C@@H]1CCNC1
EN300-43359296,977.0,c1ccc2c(c1)-c3ccccc3C2COC(=O)N4C[C@H](C[C@H]4C(=O)O)OC(F)F,FC(F)O[C@H]1CCNC1
EN300-814163,2296.0,c1ccc2c(c1)-c3ccccc3C2COC(=O)N4C[C@@H](C[C@H]4C(=O)O)OC(F)F,FC(F)O[C@@H]1CCNC1
EN300-1067807,920.0,c1ccc2c(c1)-c3ccccc3C2COC(=O)N4CC[C@](C4)(C(C(=O)O)(F)F)O,O[C@@]1(C(F)F)CCNC1
EN300-657863,1023.0,c1ccc2c(c1)-c3ccccc3C2COC(=O)N4C[C@H](C[C@@H]4C(=O)O)OC(F)F,FC(F)O[C@H]1CCNC1
EN300-37469534,735.0,c1ccc2c(c1)-c3ccccc3C2COC(=O)N4Cc5c(ccc(c5C4)F)C(=O)O,Fc1cccc2c1CNC2
EN300-6739882,743.0,c1ccc2c(c1)-c3ccccc3C2COC(=O)N4c5cc(ccc5C[C@H]4C(=O)O)F,Fc1ccc2c(c1)NCC2
EN300-814160,601.0,COc1cccc(c1)N(CC(=O)O)C(=O)OCC2c3ccccc3-c4c2cccc4,CNc1cccc(OC)c1
EN300-6504387,849.0,c1ccc2c(c1)-c3ccccc3C2COC(=O)N4Cc5nccn5C[C@@H](C4)C(=O)O,c1cn2c(n1)CNCCC2
EN300-37456479,977.0,c1ccc2c(c1)-c3ccccc3C2COC(=O)N4CC(C4)(CC(=O)O)n5ccnc5,CC1(n2ccnc2)CNC1
EN300-39667352,735.0,c1ccc2c(c1)-c3ccccc3C2COC(=O)N4CC(C4)(CC(=O)O)n5cccn5,CC1(n2cccn2)CNC1
EN300-1723652,792.0,Cn1c2c(cn1)[C@@H](N(CC2)C(=O)OCC3c4ccccc4-c5c3cccc5)C(=O)O,Cn1ncc2c1CCNC2
EN300-35432223,735.0,c1ccc2c(c1)-c3ccccc3C2COC(=O)N4CCc5c(ncn5CC4)C(=O)O,c1ncn2c1CCNCC2
EN300-6737581,977.0,c1ccc2c(c1)-c3ccccc3C2COC(=O)N4Cc5ccnn5C[C@@H](C4)C(=O)O,c1cc2n(n1)CCCNC2
EN300-6766474,672.0,Cn1c(c(cn1)C(=O)O)C2CN(C2)C(=O)OCC3c4ccccc4-c5c3cccc5,Cn1nccc1C1CNC1
EN300-1723673,672.0,CC1(c2c(c(n[nH]2)C(=O)O)CN1C(=O)OCC3c4ccccc4-c5c3cccc5)C,CC1(C)NCc2cn[nH]c21
EN300-6474641,1008.0,C[C@H]1Cn2c(c(cn2)C(=O)O)CN1C(=O)OCC3c4ccccc4-c5c3cccc5,C[C@H]1Cn2nccc2CN1
EN300-636451,1964.0,C[C@H]1Cn2c(cc(n2)C(=O)O)CN1C(=O)OCC3c4ccccc4-c5c3cccc5,C[C@H]1Cn2nccc2CN1
EN300-657872,601.0,c1ccc2c(c1)-c3ccccc3C2COC(=O)N4CC[C@@H](C4)c5c(cn[nH]5)C(=O)O,c1cc([C@H]2CCNC2)[nH]n1
EN300-657873,770.0,c1ccc2c(c1)-c3ccccc3C2COC(=O)N4CC[C@@H](C4)c5cc([nH]n5)C(=O)O,c1cc([C@H]2CCNC2)n[nH]1
EN300-1587468,672.0,c1ccc2c(c1)-c3ccccc3C2COC(=O)N4CCC(=CC4)C5(CCC5)C(=O)O,C1=C(C2CCC2)CCNC1
EN300-1693806,1587.0,c1ccc2c(c1)-c3ccccc3C2COC(=O)N4CC[C@@H](C4)c5c(nco5)C(=O)O,c1ncc([C@H]2CCNC2)o1
EN300-1717016,920.0,c1ccc2c(c1)-c3ccccc3C2COC(=O)N4CCC[C@H]4c5c(nco5)C(=O)O,c1ncc([C@@H]2CCCN2)o1
EN300-6733121,977.0,c1ccc2c(c1)-c3ccccc3C2COC(=O)NCc4nnc5n4C[C@H](C5)C(=O)O,NCc1nnc2n1CCC2
EN300-657877,743.0,Cc1nnc2n1C[C@H](N(C2)C(=O)OCC3c4ccccc4-c5c3cccc5)C(=O)O,Cc1nnc2n1CCNC2
EN300-37476243,735.0,c1ccc2c(c1)-c3ccccc3C2COC(=O)N4CC(C4)(CC(=O)O)n5cncn5,CC1(n2cncn2)CNC1
EN300-657879,607.0,c1ccc2c(c1)-c3ccccc3C2COC(=O)N4CC[C@@H](C4)n5cc(nn5)C(=O)O,c1cn([C@H]2CCNC2)nn1
EN300-635749,779.0,c1ccc2c(c1)-c3ccccc3C2COC(=O)N4CCC[C@H]4c5c(nn[nH]5)C(=O)O,c1nn[nH]c1[C@@H]1CCCN1
EN300-1267203,792.0,CN(C)CC[C@@H](C(=O)O)NC(=O)OCC1c2ccccc2-c3c1cccc3,CN(C)CCCN
EN300-657881,1184.0,c1ccc2c(c1)-c3ccccc3C2COC(=O)N4CCC(C4C(=O)O)C(F)(F)F,FC(F)(F)[C@H]1CCNC1
EN300-81328,607.0,c1ccc2c(c1)-c3ccccc3C2COC(=O)N4CC[C@@](C4)(C(=O)O)C(F)(F)F,FC(F)(F)[C@@H]1CCNC1
EN300-333474,509.0,c1ccc2c(c1)-c3ccccc3C2COC(=O)N4C[C@H](C[C@H]4C(=O)O)C(F)(F)F,FC(F)(F)[C@H]1CCNC1
EN300-7355121,1297.0,c1ccc2c(c1)-c3ccccc3C2COC(=O)N4[C@@H](CC[C@@H]4C(F)(F)F)C(=O)O,FC(F)(F)[C@H]1CCCN1
EN300-343641,601.0,c1ccc2c(c1)-c3ccccc3C2COC(=O)N4C[C@@H]([C@H](C4)C(F)(F)F)C(=O)O,FC(F)(F)[C@@H]1CCNC1
EN300-3428332,425.0,CN([C@H](c1ccccc1F)C(=O)O)C(=O)OCC2c3ccccc3-c4c2cccc4,CNCc1ccccc1F
EN300-657884,487.0,CN([C@H](c1ccc(cc1)F)C(=O)O)C(=O)OCC2c3ccccc3-c4c2cccc4,CNCc1ccc(F)cc1
EN300-6737679,721.0,c1ccc2c(c1)-c3ccccc3C2COC(=O)N4CCC5(CC4)C=C(CO5)C(=O)O,C1=CC2(CCNCC2)OC1
EN300-657889,601.0,c1ccc2c(c1)-c3ccccc3C2COC(=O)N4CC5CC(CC(C4)C5=O)C(=O)O,O=C1C2CCCC1CNC2
EN300-6490375,977.0,c1ccc2c(c1)-c3ccccc3C2COC(=O)N4CCc5c(csc5C4)C(=O)O,c1cc2c(s1)CNCC2
EN300-1692218,666.0,c1ccc2c(c1)-c3ccccc3C2COC(=O)N4CCc5cc(sc5C4)C(=O)O,c1cc2c(s1)CNCC2
EN300-657893,714.0,c1ccc2c(c1)-c3ccccc3C2COC(=O)N4CCc5c(cc(s5)C(=O)O)C4,c1cc2c(s1)CCNC2
EN300-7424940,672.0,c1ccc2c(c1)-c3ccccc3C2COC(=O)N4CCC[C@@]5([C@@H]4CCCC5)C(=O)O,C1CC[C@@H]2NCCC[C@@H]2C1
EN300-1721876,977.0,C=CCCC1(CCN(CC1)C(=O)OCC2c3ccccc3-c4c2cccc4)C(=O)O,C=CCCC1CCNCC1
EN300-31969024,735.0,c1ccc2c(c1)-c3ccccc3C2COC(=O)N4CC[C@](C4)(C5CCCC5)C(=O)O,C1CCC([C@H]2CCNC2)C1
EN300-27726152,849.0,c1ccc2c(c1)-c3ccccc3C2COC(=O)N4CC[C@H]([C@H](C4)C5CC5)CC(=O)O,C[C@@H]1CCNC[C@@H]1C1CC1
EN300-27081350,735.0,c1ccc2c(c1)-c3ccccc3C2COC(=O)N4CCC5(CCCC5)C[C@H]4C(=O)O,C1CCC2(C1)CCNCC2
EN300-7353018,735.0,c1ccc2c(c1)-c3ccccc3C2COC(=O)N4C[C@H](C[C@H]4C(=O)O)CC5CCC5,C1CC(C[C@H]2CCNC2)C1
EN300-1587470,785.0,c1ccc2c(c1)-c3ccccc3C2COC(=O)N4CCC(CC4)C5(CCC5)C(=O)O,C1CC(C2CCNCC2)C1
EN300-6495852,1499.0,c1ccc2c(c1)-c3ccccc3C2COC(=O)N4C[C@H](CCC45CCCC5)C(=O)O,C1CCC2(CCCC2)NC1
EN300-1073365,977.0,c1ccc2c(c1)-c3ccccc3C2COC(=O)N4C[C@@H]([C@H](C4)C(=O)O)C5CCCC5,C1CCC([C@@H]2CCNC2)C1
EN300-657895,835.0,c1ccc2c(c1)-c3ccccc3C2COC(=O)N4CC(CC5C4CCCC5)C(=O)O,C1CCC2NCCCC2C1
EN300-81366,708.0,c1ccc2c(c1)-c3ccccc3C2COC(=O)N4C5CCCCC5CCC4C(=O)O,C1CCC2NCCCC2C1
EN300-657898,977.0,c1ccc2c(c1)-c3ccccc3C2COC(=O)N4Cc5n[nH]c(=O)n5C[C@H]4C(=O)O,O=c1[nH]nc2n1CCNC2
EN300-153025,672.0,c1ccc2c(c1)-c3ccccc3C2COC(=O)N4CCC5(CC4)CC(=NO5)C(=O)O,C1=NOC2(C1)CCNCC2
EN300-6737602,1040.0,c1ccc2c(c1)-c3ccccc3C2COC(=O)N4CC5(C4)CC(=O)NC[C@@H]5C(=O)O,O=C1CC2(CCN1)CNC2
EN300-755433,743.0,c1ccc2c(c1)-c3ccccc3C2COC(=O)N4CC(C4)N5C[C@H](CC5=O)C(=O)O,O=C1CCCN1C1CNC1
EN300-657899,749.0,c1ccc2c(c1)-c3ccccc3C2COC(=O)N4CCC[C@]5(C4)CC(=NO5)C(=O)O,C1=NO[C@@]2(C1)CCCNC2
EN300-33051056,920.0,c1ccc2c(c1)-c3ccccc3C2COC(=O)N4CC(C4)c5ncc(s5)C(=O)O,c1csc(C2CNC2)n1
EN300-657900,1048.0,c1ccc2c(c1)-c3ccccc3C2COC(=O)N4CCc5c(nc(s5)C(=O)O)C4,c1nc2c(s1)CCNC2
EN300-37137714,498.0,c1cc-2c(cc1)C(c3c2cccc3)COC(=O)N4CCN(CC4)[C@H]5C[C@H](C5)C(=O)O,C1CC(N2CCNCC2)C1
EN300-7500425,1082.0,c1ccc2c(c1)-c3ccccc3C2COC(=O)N4CC(C4)N5CCC(CC5)C(=O)O,C1CCN(C2CNC2)CC1
EN300-45197920,735.0,c1ccc2c(c1)-c3ccccc3C2COC(=O)N4CCC5(C4)CCCC(O5)C(=O)O,C1CC[C@@]2(CCNC2)OC1
EN300-35466169,735.0,c1ccc2c(c1)-c3ccccc3C2COC(=O)N4CCC5(CC[C@H](O5)C(=O)O)CC4,C1COC2(C1)CCNCC2
EN300-27728140,749.0,c1ccc2c(c1)-c3ccccc3C2COC(=O)N4CC5(C4)CCC[C@@H](O5)CC(=O)O,C[C@H]1CCCC2(CNC2)O1
EN300-27148072,735.0,c1ccc2c(c1)-c3ccccc3C2COC(=O)N4CCC5(C4)CC(OC5)CC(=O)O,CC1CC2(CCNC2)CO1
EN300-6503872,672.0,c1ccc2c(c1)-c3ccccc3C2COC(=O)N4C[C@@H](OCC45CCC5)CC(=O)O,C[C@H]1CNC2(CCC2)CO1
EN300-1723607,977.0,c1ccc2c(c1)-c3ccccc3C2COC(=O)N4CC5(CCOCC5)C[C@H]4C(=O)O,C1CC2(CCOCC2)CN1
EN300-6494182,672.0,c1ccc2c(c1)-c3ccccc3C2COC(=O)N4C[C@H](CC45CCOCC5)C(=O)O,C1CNC2(C1)CCOCC2
EN300-26678708,1184.0,c1ccc2c(c1)-c3ccccc3C2COC(=O)N4CCOC5([C@H]4C(=O)O)CCCC5,C1CCC2(C1)CNCCO2
EN300-6734733,1082.0,c1ccc2c(c1)-c3ccccc3C2COC(=O)N4C[C@@H]([C@H](C4)C(=O)O)C5CCOC5,C1C[C@@H](C2CCOC2)CN1
EN300-7354704,672.0,c1ccc2c(c1)-c3ccccc3C2COC(=O)N4C[C@@H](OC5(C4)CCC5)CC(=O)O,C[C@H]1CNCC2(CCC2)O1
EN300-1083971,770.0,c1ccc2c(c1)-c3ccccc3C2COC(=O)N4C[C@@H](C5(C4)CCOCC5)C(=O)O,C1CC2(CCOCC2)CN1
EN300-1693070,735.0,c1ccc2c(c1)-c3ccccc3C2COC(=O)N4CC5(C4)CC[C@@H](OC5)CC(=O)O,C[C@H]1CCC2(CNC2)CO1
EN300-27700907,1015.0,CC(C)(CN(C1CCCC1)C(=O)OCC2c3ccccc3-c4c2cccc4)C(=O)O,CC(C)CNC1CCCC1
EN300-6737839,785.0,CC(C)(C)C1CCC(N(C1)C(=O)OCC2c3ccccc3-c4c2cccc4)C(=O)O,CC(C)(C)[C@H]1CCCNC1
EN300-1091659,770.0,CC(C)CC1(CCN(CC1)C(=O)OCC2c3ccccc3-c4c2cccc4)C(=O)O,CC(C)CC1CCNCC1
EN300-7435394,1008.0,CC(C)(C)[C@@H]1CCN([C@@H](C1)C(=O)O)C(=O)OCC2c3ccccc3-c4c2cccc4,CC(C)(C)C1CCNCC1
EN300-6492613,721.0,CC(C)(C)[C@@H]1C[C@@H](CN(C1)C(=O)OCC2c3ccccc3-c4c2cccc4)C(=O)O,CC(C)(C)[C@@H]1CCCNC1
EN300-657915,601.0,c1ccc2c(c1)-c3ccccc3C2COC(=O)N[C@H]4CCCCN(C4=O)CC(=O)O,CN1CCCC[C@H](N)C1=O
EN300-657914,601.0,c1ccc2c(c1)-c3ccccc3C2COC(=O)N4CCC[C@H]4C(=O)NCCC(=O)O,CCNC(=O)[C@@H]1CCCN1
EN300-657925,849.0,CCC[C@@H](C(=O)O)N1CCN(CC1)C(=O)OCC2c3ccccc3-c4c2cccc4,CCCCN1CCNCC1
EN300-27081754,1065.0,c1ccc2c(c1)-c3ccccc3C2COC(=O)N4CCC5(C4)COCC(O5)C(=O)O,C1C[C@]2(CN1)COCCO2
EN300-624078,849.0,COCCC1(CCN(CC1)C(=O)OCC2c3ccccc3-c4c2cccc4)C(=O)O,COCCC1CCNCC1
EN300-657927,121.0,CC(C)(C)O[C@@H]1C[C@H](N(C1)C(=O)OCC2c3ccccc3-c4c2cccc4)C(=O)O,CC(C)(C)O[C@@H]1CCNC1
EN300-26862962,1065.0,CO[C@@H]1CN(CC[C@]1(C(=O)O)OC)C(=O)OCC2c3ccccc3-c4c2cccc4,CO[C@@H]1CCNC[C@H]1OC
EN300-650447,735.0,c1ccc2c(c1)-c3ccccc3C2COC(=O)Nc4cccc5c4ccn5CC(=O)O,Cn1ccc2c(N)cccc21
EN300-37357469,977.0,c1ccc2c(c1)-c3ccccc3C2COC(=O)N4CC5CCC(C4)(C5(F)F)C(=O)O,FC1(F)C2CCC1CNC2
EN300-27777619,623.0,C[C@H]1CCc2cc(ccc2N1C(=O)OCC3c4ccccc4-c5c3cccc5)C(=O)O,C[C@H]1CCc2ccccc2N1
EN300-28229324,538.0,c1ccc2c(c1)-c3ccccc3C2COC(=O)N4CC[C@@H](C4)c5ccc(cc5)C(=O)O,c1ccc([C@H]2CCNC2)cc1
EN300-27783948,920.0,c1ccc2c(c1)-c3ccccc3C2COC(=O)N4CCC[C@H]4c5cccc(c5)C(=O)O,c1ccc([C@@H]2CCCN2)cc1
EN300-7379394,88.0,c1ccc(cc1)[C@@H]2C[C@H](N(C2)C(=O)OCC3c4ccccc4-c5c3cccc5)C(=O)O,c1ccc([C@@H]2CCNC2)cc1
EN300-7370044,607.0,c1ccc(cc1)[C@H]2CC[C@H](N2C(=O)OCC3c4ccccc4-c5c3cccc5)C(=O)O,c1ccc([C@H]2CCCN2)cc1
EN300-27152291,1276.0,c1ccc(cc1)C2(CN(C2)C(=O)OCC3c4ccccc4-c5c3cccc5)CC(=O)O,CC1(c2ccccc2)CNC1
EN300-1556289,806.0,c1ccc(cc1)[C@H]2CC[C@@H](N2C(=O)OCC3c4ccccc4-c5c3cccc5)C(=O)O,c1ccc([C@H]2CCCN2)cc1
EN300-1267133,701.0,c1ccc(cc1)[C@H]2CN(C[C@@H]2C(=O)O)C(=O)OCC3c4ccccc4-c5c3cccc5,c1ccc([C@@H]2CCNC2)cc1
EN300-738592,985.0,c1ccc2c(c1)-c3ccccc3C2COC(=O)N4CC[C@@H](c5c4cccc5)CC(=O)O,C[C@H]1CCNc2ccccc21
EN300-658317,955.0,c1ccc2c(c1)-c3ccccc3C2COC(=O)N4CCc5ccc(cc5CC4)C(=O)O,c1ccc2c(c1)CCNCC2
EN300-657951,779.0,c1ccc(cc1)[C@]2(CCN(C2)C(=O)OCC3c4ccccc4-c5c3cccc5)C(=O)O,c1ccc([C@@H]2CCNC2)cc1
EN300-657945,672.0,Cc1cccc2c1CCN([C@H]2C(=O)O)C(=O)OCC3c4ccccc4-c5c3cccc5,Cc1cccc2c1CCNC2
EN300-7436592,743.0,c1ccc2c(c1)C[C@H](CCN2C(=O)OCC3c4ccccc4-c5c3cccc5)C(=O)O,c1ccc2c(c1)CCCCN2
EN300-6759869,721.0,c1ccc2c(c1)-c3ccccc3C2COC(=O)N4CC[C@@H](C4)c5ccccc5C(=O)O,c1ccc([C@H]2CCNC2)cc1
EN300-6748134,920.0,CC1(CN(c2c1cc(cc2)C(=O)O)C(=O)OCC3c4ccccc4-c5c3cccc5)C,CC1(C)CNc2ccccc21
EN300-26862835,1065.0,C[C@H]1Cc2cc(ccc2CN1C(=O)OCC3c4ccccc4-c5c3cccc5)C(=O)O,C[C@H]1Cc2ccccc2CN1
EN300-7539620,1499.0,c1ccc2c(c1)-c3ccccc3C2COC(=O)N4CCCc5ccc(cc5C4)C(=O)O,c1ccc2c(c1)CCCNC2
EN300-35456945,920.0,c1ccc2c(c1)-c3ccccc3C2COC(=O)N4CCc5cc(ccc5C4)CC(=O)O,Cc1ccc2c(c1)CCNC2
EN300-6480774,96.0,c1ccc2c(c1)C[C@H](N(C2)C(=O)OCC3c4ccccc4-c5c3cccc5)CC(=O)O,C[C@@H]1Cc2ccccc2CN1
EN300-81465,607.0,c1ccc2c(c1)CCN([C@H]2CC(=O)O)C(=O)OCC3c4ccccc4-c5c3cccc5,C[C@@H]1NCCc2ccccc21
EN300-657949,977.0,c1ccc(cc1)[C@@H]2CN(C[C@H]2C(=O)O)C(=O)OCC3c4ccccc4-c5c3cccc5,c1ccc([C@H]2CCNC2)cc1
EN300-657942,795.0,c1ccc(cc1)[C@@H]2CC[C@H](N2C(=O)OCC3c4ccccc4-c5c3cccc5)C(=O)O,c1ccc([C@@H]2CCCN2)cc1
EN300-657952,1008.0,c1ccc2c(c1)-c3ccccc3C2COC(=O)N4CCc5c(cccc5CC(=O)O)C4,Cc1cccc2c1CCNC2
EN300-657953,708.0,C[S@](=O)C1(CCN(CC1)C(=O)OCC2c3ccccc3-c4c2cccc4)C(=O)O,C[S@](=O)C1CCNCC1
EN300-1700265,666.0,Cn1cncc1[C@H](C(=O)O)NC(=O)OCC2c3ccccc3-c4c2cccc4,Cn1cncc1CN
EN300-27118155,735.0,c1ccc2c(c1)-c3ccccc3C2COC(=O)N4C[C@@H]([C@H](C4)C(=O)O)c5ccncc5,c1cc([C@@H]2CCNC2)ccn1
EN300-6542305,672.0,c1ccc2c(c1)-c3ccccc3C2COC(=O)N4CC[C@@H](C(CC4)(F)F)CC(=O)O,C[C@H]1CCNCCC1(F)F
EN300-1091653,835.0,c1ccc2c(c1)-c3ccccc3C2COC(=O)N4CCC(CC4)(CC(F)F)C(=O)O,FC(F)CC1CCNCC1
EN300-27726632,735.0,c1ccc2c(c1)-c3ccccc3C2COC(=O)N4CCc5cc(ccc5[C@@H]4C(=O)O)O,Oc1ccc2c(c1)CCNC2
EN300-657956,693.0,c1ccc2c(c1)-c3ccccc3C2COC(=O)N4CCOc5ccc(cc5C4)C(=O)O,c1ccc2c(c1)CNCCO2
EN300-6766918,721.0,c1ccc2c(c1)-c3ccccc3C2COC(=O)N4CC(C4)Oc5cccc(c5)C(=O)O,c1ccc(OC2CNC2)cc1
EN300-6766917,494.0,c1ccc2c(c1)-c3ccccc3C2COC(=O)N4CC(C4)Oc5ccc(cc5)C(=O)O,c1ccc(OC2CNC2)cc1
EN300-1708034,1262.0,c1ccc2c(c1)-c3ccccc3C2COC(=O)N4CCOCc5c4ccc(c5)C(=O)O,c1ccc2c(c1)COCCN2
EN300-6492380,111.0,c1ccc2c(c1)-c3ccccc3C2COC(=O)N4Cc5cc(ccc5C[C@H]4C(=O)O)O,Oc1ccc2c(c1)CNCC2
EN300-6492640,331.0,c1ccc2c(c1)-c3ccccc3C2COC(=O)N4Cc5cc(ccc5C[C@@H]4C(=O)O)O,Oc1ccc2c(c1)CNCC2
EN300-755444,855.0,c1ccc2c(c1)-c3ccccc3C2COC(=O)N4CCOc5c(cccc5C(=O)O)C4,c1ccc2c(c1)CNCCO2
EN300-755446,572.0,c1ccc2c(c1)-c3ccccc3C2COC(=O)N4CCOc5cc(ccc5C4)C(=O)O,c1ccc2c(c1)CNCCO2
EN300-715607,693.0,c1ccc2c(c1)-c3ccccc3C2COC(=O)N4CCOc5ccccc5[C@@H]4C(=O)O,c1ccc2c(c1)CNCCO2
EN300-1428702,977.0,c1ccc2c(c1)-c3ccccc3C2COC(=O)N4CCC[C@H]4c5ncc(cn5)C(=O)O,c1cnc([C@@H]2CCCN2)nc1
EN300-657958,735.0,c1ccc2c(c1)-c3ccccc3C2COC(=O)NC4CN(C4)c5ccc(cn5)C(=O)O,NC1CN(c2ccccn2)C1
EN300-657961,601.0,c1ccc2c(c1)-c3ccccc3C2COC(=O)N4CCS(=O)(=O)[C@H](C4)CC(=O)O,C[C@H]1CNCCS1(=O)=O
EN300-624091,806.0,c1ccc2c(c1)-c3ccccc3C2COC(=O)N4CCS(=O)(=O)C[C@@H]4CC(=O)O,C[C@H]1CS(=O)(=O)CCN1
EN300-81373,693.0,c1ccc2c(c1)-c3ccccc3C2COC(=O)N(CC(=O)O)[C@H]4CCS(=O)(=O)C4,CN[C@H]1CCS(=O)(=O)C1
EN300-7445138,701.0,CS(=O)(=O)[C@@H]1C[C@H](N(C1)C(=O)OCC2c3ccccc3-c4c2cccc4)C(=O)O,CS(=O)(=O)[C@@H]1CCNC1
EN300-657960,749.0,c1ccc2c(c1)-c3ccccc3C2COC(=O)N4CCS(=O)(=O)C[C@H](C4)C(=O)O,O=S1(=O)CCCNCC1
EN300-7462186,396.0,CCN([C@@H](Cc1ccccc1)C(=O)O)C(=O)OCC2c3ccccc3-c4c2cccc4,CCNCCc1ccccc1
EN300-27194300,855.0,Cc1ccc(cc1)C[C@@H](C(=O)O)N(C)C(=O)OCC2c3ccccc3-c4c2cccc4,CNCCc1ccc(C)cc1
EN300-657977,1183.0,c1ccc(cc1)CN(CCCC(=O)O)C(=O)OCC2c3ccccc3-c4c2cccc4,CCCNCc1ccccc1
EN300-27783310,920.0,c1ccc2c(c1)-c3ccccc3C2COC(=O)N4CCN(CC4)CC(C(=O)O)(F)F,FC(F)CN1CCNCC1
EN300-1166887,735.0,c1ccc2c(c1)-c3ccccc3C2COC(=O)N4CCc5c(c(c(cn5)C(=O)O)O)C4,Oc1ccnc2c1CNCC2
EN300-7549313,779.0,c1ccc2c(c1)-c3ccccc3C2COC(=O)N4CC(C4)n5cc(ccc5=O)C(=O)O,O=c1ccccn1C1CNC1
EN300-27082222,1065.0,c1ccc2c(c1)-c3ccccc3C2COC(=O)N4CCc5c(cnc(c5C4)O)C(=O)O,Oc1nccc2c1CNCC2
EN300-1556412,601.0,c1ccc2c(c1)-c3ccccc3C2COC(=O)N4CCc5c(c(cc(=O)[nH]5)C(=O)O)C4,O=c1ccc2c([nH]1)CCNC2
EN300-755450,1445.0,c1ccc2c(c1)-c3ccccc3C2COC(=O)NCc4cc(c5n4CCCC5)C(=O)O,NCc1ccc2n1CCCC2
EN300-372319,601.0,c1ccc2c(c1)-c3ccccc3C2COC(=O)N4CCC(CC4)n5cccc5C(=O)O,c1ccn(C2CCNCC2)c1
EN300-26667758,735.0,CN1CC(CCC1C(=O)O)NC(=O)OCC2c3ccccc3-c4c2cccc4,CN1CCC[C@H](N)C1
EN300-1663774,623.0,c1ccc2c(c1)-c3ccccc3C2COC(=O)N4CCCN(CC4)CC(=O)O,CN1CCCNCC1
EN300-1608974,806.0,c1ccc2c(c1)-c3ccccc3C2COC(=O)N4CCC(CC4)(C(C(=O)O)(F)F)O,OC1(C(F)F)CCNCC1
EN300-27726791,672.0,c1ccc2c(c1)-c3ccccc3C2COC(=O)N4CCc5cc(ccc5[C@@H]4C(=O)O)F,Fc1ccc2c(c1)CCNC2
EN300-6740592,1156.0,c1ccc2c(c1)-c3ccccc3C2COC(=O)N4Cc5cccc(c5C[C@H]4C(=O)O)F,Fc1cccc2c1CCNC2
EN300-1695659,679.0,c1ccc2c(c1)-c3ccccc3C2COC(=O)N4CC(C4)(c5ccc(cc5)C(=O)O)F,FC1(c2ccccc2)CNC1
EN300-6505047,1008.0,c1ccc2c(c1)-c3ccccc3C2COC(=O)N4CCc5c(ccc(c5C4)F)C(=O)O,Fc1cccc2c1CNCC2
EN300-657983,842.0,c1ccc2c(c1)-c3ccccc3C2COC(=O)N4CCc5ccc(c(c5C4)C(=O)O)F,Fc1ccc2c(c1)CNCC2
EN300-657982,842.0,c1ccc2c(c1)-c3ccccc3C2COC(=O)N4CCc5c(ccc(c5C4)C(=O)O)F,Fc1cccc2c1CCNC2
EN300-657981,835.0,c1ccc2c(c1)-c3ccccc3C2COC(=O)N4CCc5cc(cc(c5C4)C(=O)O)F,Fc1ccc2c(c1)CCNC2
EN300-37432028,735.0,c1ccc2c(c1)-c3ccccc3C2COC(=O)N4CCC(CC4)c5ccc(o5)C(=O)O,c1coc(C2CCNCC2)c1
EN300-27732953,672.0,c1ccc2c(c1)-c3ccccc3C2COC(=O)N4CCn5c(cnc5C4)CCC(=O)O,CCc1cnc2n1CCNC2
EN300-27108795,1118.0,c1ccc2c(c1)-c3ccccc3C2COC(=O)N4CCC[C@@H](C4)n5c(ccn5)C(=O)O,c1cnn([C@H]2CCCNC2)c1
EN300-1589079,743.0,c1ccc2c(c1)-c3ccccc3C2COC(=O)N4CCC(CC4)n5c(ccn5)C(=O)O,c1cnn(C2CCNCC2)c1
EN300-1588723,666.0,c1ccc2c(c1)-c3ccccc3C2COC(=O)N4CCC(CC4)c5[nH]cc(n5)C(=O)O,c1c[nH]c(C2CCNCC2)n1
EN300-1267136,770.0,Cn1cc(cn1)[C@H]2CN(C[C@@H]2C(=O)O)C(=O)OCC3c4ccccc4-c5c3cccc5,Cn1cc([C@@H]2CCNC2)cn1
EN300-658006,763.0,c1ccc2c(c1)-c3ccccc3C2COC(=O)N4CCC(CC4)(C(=O)O)n5cccn5,c1cnn(C2CCNCC2)c1
EN300-716068,770.0,c1ccc2c(c1)-c3ccccc3C2COC(=O)N4CCC(CC4)c5cc([nH]n5)C(=O)O,c1cc(C2CCNCC2)n[nH]1
EN300-755449,623.0,Cn1cc(nc1)[C@H]2CN(C[C@@H]2C(=O)O)C(=O)OCC3c4ccccc4-c5c3cccc5,Cn1cnc([C@@H]2CCNC2)c1
EN300-658003,770.0,c1ccc2c(c1)-c3ccccc3C2COC(=O)N4CCC[C@@H](C4)c5c(c[nH]n5)C(=O)O,c1cc([C@H]2CCCNC2)n[nH]1
EN300-658338,601.0,c1ccc2c(c1)-c3ccccc3C2COC(=O)N4CCC[C@@H](C4)n5ccc(n5)C(=O)O,c1cnn([C@H]2CCCNC2)c1
EN300-658320,785.0,c1ccc2c(c1)-c3ccccc3C2COC(=O)N4CCC[C@@H](C4)n5cc(cn5)C(=O)O,c1cnn([C@H]2CCCNC2)c1
EN300-1073378,806.0,Cn1cncc1[C@H]2CN(C[C@@H]2C(=O)O)C(=O)OCC3c4ccccc4-c5c3cccc5,Cn1cncc1[C@@H]1CCNC1
EN300-658000,763.0,c1ccc2c(c1)-c3ccccc3C2COC(=O)N4CCC(CC4)n5cc(cn5)C(=O)O,c1cnn(C2CCNCC2)c1
EN300-337936,693.0,c1ccc2c(c1)-c3ccccc3C2COC(=O)N4CCC(CC4)n5ccc(n5)C(=O)O,c1cnn(C2CCNCC2)c1
EN300-6504568,1327.0,c1ccc2c(c1)-c3ccccc3C2COC(=O)N4CCCC[C@H]4c5c(nco5)C(=O)O,c1ncc([C@@H]2CCCCN2)o1
EN300-658008,693.0,c1ccc2c(c1)-c3ccccc3C2COC(=O)N4CCC(CC4)c5c(nco5)C(=O)O,c1ncc(C2CCNCC2)o1
EN300-6732809,792.0,c1ccc2c(c1)-c3ccccc3C2COC(=O)N4CCC(CC4)c5nc(co5)C(=O)O,c1coc(C2CCNCC2)n1
EN300-6493168,785.0,c1ccc2c(c1)-c3ccccc3C2COC(=O)N4CCC(CC4)c5c(con5)C(=O)O,c1cc(C2CCNCC2)no1
EN300-2010504,849.0,CN(CCOc1ccc(nc1)C(=O)O)C(=O)OCC2c3ccccc3-c4c2cccc4,CNCCOc1cccnc1
EN300-658009,735.0,c1ccc2c(c1)-c3ccccc3C2COC(=O)N4CCC(CC4)c5ncc(o5)C(=O)O,c1coc(C2CCNCC2)n1
EN300-658007,735.0,c1ccc2c(c1)-c3ccccc3C2COC(=O)N4CCC(CC4)c5cc(on5)C(=O)O,c1cc(C2CCNCC2)no1
EN300-27745438,920.0,c1ccc2c(c1)-c3ccccc3C2COC(=O)N4CCC(CC4)n5ncc(n5)C(=O)O,c1cnn(C2CCNCC2)n1
EN300-658015,607.0,c1ccc2c(c1)-c3ccccc3C2COC(=O)N4CCC(CC4)n5c(cnn5)C(=O)O,c1cn(C2CCNCC2)nn1
EN300-658010,735.0,c1ccc2c(c1)-c3ccccc3C2COC(=O)N4CCC[C@@H](C4)n5cc(nn5)C(=O)O,c1cn([C@H]2CCCNC2)nn1
EN300-658337,735.0,c1ccc2c(c1)-c3ccccc3C2COC(=O)N4CCC(CC4)n5cc(nn5)C(=O)O,c1cn(C2CCNCC2)nn1
EN300-658013,679.0,Cc1c(nnn1[C@H]2CCN(C2)C(=O)OCC3c4ccccc4-c5c3cccc5)C(=O)O,Cc1cnnn1[C@H]1CCNC1
EN300-658012,644.0,c1ccc2c(c1)-c3ccccc3C2COC(=O)N4CCC[C@@H]4Cn5cc(nn5)C(=O)O,c1cn(C[C@H]2CCCN2)nn1
EN300-39914085,735.0,CN(C)CCC[C@@H](C(=O)O)NC(=O)OCC1c2ccccc2-c3c1cccc3,CN(C)CCCCN
EN300-7448068,672.0,C[C@@]1(CN(C[C@@H]1C(=O)O)C(=O)OCC2c3ccccc3-c4c2cccc4)C(F)(F)F,C[C@@]1(C(F)(F)F)CCNC1
EN300-6732834,785.0,c1ccc2c(c1)-c3ccccc3C2COC(=O)N4CCC[C@@](C4)(C(=O)O)C(F)(F)F,FC(F)(F)[C@@H]1CCCNC1
EN300-1073384,779.0,c1ccc2c(c1)-c3ccccc3C2COC(=O)N4C[C@H](C[C@H](C4)C(F)(F)F)C(=O)O,FC(F)(F)[C@@H]1CCCNC1
EN300-1073383,770.0,c1ccc2c(c1)-c3ccccc3C2COC(=O)N4CCC[C@H]([C@H]4C(=O)O)C(F)(F)F,FC(F)(F)[C@@H]1CCCNC1
EN300-6740618,672.0,c1ccc2c(c1)-c3ccccc3C2COC(=O)N4C[C@@H]([C@H](C4)C(=O)O)CC(F)(F)F,FC(F)(F)C[C@@H]1CCNC1
EN300-658020,779.0,c1ccc2c(c1)-c3ccccc3C2COC(=O)N4CCC(CC4)(C(=O)O)C(F)(F)F,FC(F)(F)C1CCNCC1
EN300-6495976,792.0,c1ccc2c(c1)-c3ccccc3C2COC(=O)N4CCN(CC4)c5ncc(o5)C(=O)O,c1coc(N2CCNCC2)n1
EN300-6497299,672.0,c1ccc2c(c1)-c3ccccc3C2COC(=O)N4CCN(CC4)c5nc(co5)C(=O)O,c1coc(N2CCNCC2)n1
EN300-81187,637.0,c1ccc2c(c1)-c3ccccc3C2COC(=O)N(CCC(=O)O)Cc4ccc(cc4)F,CCNCc1ccc(F)cc1
EN300-624019,601.0,c1ccc2c(c1)-c3ccccc3C2COC(=O)N4CCC[C@H]4c5ccc(s5)C(=O)O,c1csc([C@@H]2CCCN2)c1
EN300-28250478,920.0,c1ccc2c(c1)-c3ccccc3C2COC(=O)N4CCC5(CCCCC5)C[C@H]4C(=O)O,C1CCC2(CC1)CCNCC2
EN300-7435346,743.0,c1ccc2c(c1)-c3ccccc3C2COC(=O)N4CCC[C@]5([C@@H]4CCCC5)CC(=O)O,C[C@@]12CCCC[C@@H]1NCCC2
EN300-6499380,672.0,c1ccc2c(c1)-c3ccccc3C2COC(=O)N4CCC5(CCC(CC5)C(=O)O)CC4,C1CCC2(CC1)CCNCC2
EN300-6503678,607.0,c1ccc2c(c1)-c3ccccc3C2COC(=O)N4CCC5CC(CCC5C4)CC(=O)O,CC1CCC2CNCCC2C1
EN300-1556100,785.0,c1ccc2c(c1)-c3ccccc3C2COC(=O)N4C[C@@H]([C@H](C4)C(=O)O)C5CCCCC5,C1CCC([C@@H]2CCNC2)CC1
EN300-623992,288.0,c1ccc2c(c1)-c3ccccc3C2COC(=O)N4C[C@@H](C[C@H]4C(=O)O)C5CCCCC5,C1CCC([C@@H]2CCNC2)CC1
EN300-624068,1074.0,c1ccc2c(c1)-c3ccccc3C2COC(=O)N4CCC(C4)N5CC(CC5=O)C(=O)O,O=C1CCCN1[C@H]1CCNC1
EN300-6491574,862.0,c1ccc2c(c1)-c3ccccc3C2COC(=O)N4CC[C@@H](C4)c5nc(cs5)C(=O)O,c1csc([C@H]2CCNC2)n1
EN300-658039,503.0,c1ccc2c(c1)-c3ccccc3C2COC(=O)N4CCC[C@H]4c5nc(cs5)C(=O)O,c1csc([C@@H]2CCCN2)n1
EN300-81222,637.0,c1ccc2c(c1)-c3ccccc3C2COC(=O)N4CCC(CC4)N5CCC[C@H]5C(=O)O,C1CCN(C2CCNCC2)C1
EN300-32297816,1225.0,c1ccc2c(c1)-c3ccccc3C2COC(=O)N4C[C@H](OC[C@H]4C(=O)O)C(F)(F)F,FC(F)(F)[C@@H]1CNCCO1
EN300-28312872,1235.0,c1ccc2c(c1)-c3ccccc3C2COC(=O)N4C[C@@H](OC[C@H]4C(=O)O)C(F)(F)F,FC(F)(F)[C@H]1CNCCO1
EN300-28312865,1603.0,c1ccc2c(c1)-c3ccccc3C2COC(=O)N4CC(OCC4C(=O)O)C(F)(F)F,FC(F)(F)[C@@H]1CNCCO1
EN300-7535247,1118.0,c1ccc2c(c1)-c3ccccc3C2COC(=O)N4C[C@H](C[C@@H]4C(=O)O)OC(F)(F)F,FC(F)(F)O[C@H]1CCNC1
EN300-7540820,1118.0,c1ccc2c(c1)-c3ccccc3C2COC(=O)N4CC(OC(C4)C(F)(F)F)C(=O)O,FC(F)(F)[C@@H]1CNCCO1
EN300-658042,735.0,c1ccc2c(c1)-c3ccccc3C2COC(=O)NCCn4cc(c(=O)[nH]c4=O)C(=O)O,NCCn1ccc(=O)[nH]c1=O
EN300-658043,637.0,c1ccc2c(c1)-c3ccccc3C2COC(=O)N[C@@H](Cn4ccc(=O)[nH]c4=O)C(=O)O,NCCn1ccc(=O)[nH]c1=O
EN300-26674050,1118.0,c1ccc2c(c1)-c3ccccc3C2COC(=O)N4CC(C4)(c5cscc5C(=O)O)O,OC1(c2ccsc2)CNC1
EN300-1717035,785.0,c1ccc2c(c1)-c3ccccc3C2COC(=O)N4CCC5(CCOCC5)[C@H](C4)C(=O)O,C1CC2(CCN1)CCOCC2
EN300-26983736,1065.0,c1ccc2c(c1)-c3ccccc3C2COC(=O)N4CCC5(CC4)C[C@@H](OC5)CC(=O)O,C[C@H]1CC2(CCNCC2)CO1
EN300-24196880,977.0,c1ccc2c(c1)-c3ccccc3C2COC(=O)N4C[C@H](CCC45CCOCC5)C(=O)O,C1CCC2(CCOCC2)NC1
EN300-26619879,1276.0,c1ccc2c(c1)-c3ccccc3C2COC(=O)N4CCC5(CCC[C@H](O5)C(=O)O)CC4,C1CCC2(CCNCC2)OC1
EN300-6748589,822.0,c1ccc2c(c1)-c3ccccc3C2COC(=O)N4C[C@@H]([C@H](C4)C(=O)O)C5CCOCC5,C1C[C@@H](C2CCOCC2)CN1
EN300-6764579,785.0,c1cc-2c(cc1)C(c3c2cccc3)COC(=O)N4CCC(CC4)[C@]5(C[C@@H](C5)C(=O)O)O,OC1(C2CCNCC2)CCC1
EN300-6743949,743.0,c1ccc2c(c1)-c3ccccc3C2COC(=O)N4C[C@H](CC45CCOCC5)CC(=O)O,C[C@@H]1CNC2(CCOCC2)C1
EN300-737030,623.0,c1ccc2c(c1)-c3ccccc3C2COC(=O)N4CCC(CC4C5CCCO5)C(=O)O,C1CCC(C2CCCO2)NC1
EN300-3408760,487.0,CN([C@H](c1ccc(cc1)Cl)C(=O)O)C(=O)OCC2c3ccccc3-c4c2cccc4,CNCc1ccc(Cl)cc1
EN300-3408761,301.0,CN([C@H](c1cccc(c1)Cl)C(=O)O)C(=O)OCC2c3ccccc3-c4c2cccc4,CNCc1cccc(Cl)c1
EN300-624082,211.0,c1ccc2c(c1)-c3ccccc3C2COC(=O)N(Cc4ccc(cc4)Cl)CC(=O)O,CNCc1ccc(Cl)cc1
EN300-658057,735.0,CC(C(=O)N1CCCC(C1)C(=O)O)NC(=O)OCC2c3ccccc3-c4c2cccc4,C[C@H](N)C(=O)N1CCCCC1
EN300-81348,425.0,CN([C@H](c1cc(ccc1F)F)C(=O)O)C(=O)OCC2c3ccccc3-c4c2cccc4,CNCc1cc(F)ccc1F
EN300-658066,538.0,CN([C@H](c1ccc(cc1F)F)C(=O)O)C(=O)OCC2c3ccccc3-c4c2cccc4,CNCc1ccc(F)cc1F
EN300-26623953,1276.0,c1ccc2c(c1)-c3ccccc3C2COC(=O)N4CCC5(CC4)COC[C@H](O5)C(=O)O,C1CC2(CCN1)COCCO2
EN300-658073,708.0,CN1CCN(CC1)CC[C@@H](C(=O)O)NC(=O)OCC2c3ccccc3-c4c2cccc4,CN1CCN(CCCN)CC1
EN300-6738109,1370.0,c1ccc2c(c1)-c3ccccc3C2COC(=O)N4CC5(CCSCC5)C[C@H]4C(=O)O,C1CC2(CCSCC2)CN1
EN300-1709743,1235.0,c1ccc2c(c1)-c3ccccc3C2COC(=O)N4C[C@](C5(C4)CCOCC5)(C(=O)O)F,F[C@H]1CNCC12CCOCC2
EN300-26866440,1065.0,c1ccc2c(c1)-c3ccccc3C2COC(=O)N4CC5CCCC(C4)(C5(F)F)C(=O)O,FC1(F)C2CCCC1CNC2
EN300-81300,822.0,c1ccc2c(c1)-c3ccccc3C2COC(=O)N[C@@H](Cn4ccc5c4nccc5)C(=O)O,NCCn1ccc2cccnc21
EN300-1725733,926.0,c1ccc2c(c1)-c3ccccc3C2COC(=O)N4CC5(C4)[C@H](CCS5(=O)=O)C(=O)O,O=S1(=O)CCCC12CNC2
EN300-658077,779.0,c1ccc2c(c1)-c3ccccc3C2COC(=O)N4CC5(C4)CS(=O)(=O)C[C@@H]5C(=O)O,O=S1(=O)CCC2(CNC2)C1
EN300-715314,920.0,c1ccc2c(c1)-c3ccccc3C2COC(=O)N4C[C@H]5CS(=O)(=O)C[C@]5(C4)C(=O)O,O=S1(=O)C[C@@H]2CNC[C@@H]2C1
EN300-1169993,977.0,c1ccc(cc1)C2CCC(N(C2)C(=O)OCC3c4ccccc4-c5c3cccc5)C(=O)O,c1ccc([C@H]2CCCNC2)cc1
EN300-7456575,601.0,c1ccc2c(c1)-c3ccccc3C2COC(=O)N4CCC[C@@H](C4)c5ccc(cc5)C(=O)O,c1ccc([C@H]2CCCNC2)cc1
EN300-1654409,920.0,c1ccc(cc1)C2CCN(C(C2)C(=O)O)C(=O)OCC3c4ccccc4-c5c3cccc5,c1ccc(C2CCNCC2)cc1
EN300-624016,601.0,c1ccc2c(c1)-c3ccccc3C2COC(=O)N4CCC(CC4)c5ccccc5C(=O)O,c1ccc(C2CCNCC2)cc1
EN300-26621360,743.0,c1ccc2c(c1)-c3ccccc3C2COC(=O)N4CCC[C@@H](C4)c5cccc(c5)C(=O)O,c1ccc([C@H]2CCCNC2)cc1
EN300-7440754,672.0,c1ccc2c(c1)-c3ccccc3C2COC(=O)N4CCC(CC4)c5cccc(c5)C(=O)O,c1ccc(C2CCNCC2)cc1
EN300-27152095,1015.0,c1ccc(cc1)C[C@@]2(CCN(C2)C(=O)OCC3c4ccccc4-c5c3cccc5)C(=O)O,c1ccc(C[C@H]2CCNC2)cc1
EN300-1717003,855.0,c1ccc(cc1)[C@H]2C[C@H](CN(C2)C(=O)OCC3c4ccccc4-c5c3cccc5)C(=O)O,c1ccc([C@H]2CCCNC2)cc1
EN300-1166941,1117.0,Cc1cccc(c1)[C@H]2CN(C[C@@H]2C(=O)O)C(=O)OCC3c4ccccc4-c5c3cccc5,Cc1cccc([C@@H]2CCNC2)c1
EN300-1267137,601.0,Cc1ccc(cc1)[C@H]2CN(C[C@@H]2C(=O)O)C(=O)OCC3c4ccccc4-c5c3cccc5,Cc1ccc([C@@H]2CCNC2)cc1
EN300-624095,19.0,c1ccc(cc1)C2(CCN(CC2)C(=O)OCC3c4ccccc4-c5c3cccc5)C(=O)O,c1ccc(C2CCNCC2)cc1
EN300-658085,1349.0,CC1CC(CN1C(=O)OCC2c3ccccc3-c4c2cccc4)c5ccc(cc5)C(=O)O,CC1CC(c2ccccc2)CN1
EN300-658086,637.0,c1ccc(cc1)C2CC(CN(C2)C(=O)OCC3c4ccccc4-c5c3cccc5)C(=O)O,c1ccc([C@H]2CCCNC2)cc1
EN300-261700,601.0,c1ccc2c(c1)-c3ccccc3C2COC(=O)N4CCC(CC4)c5ccc(cc5)C(=O)O,c1ccc(C2CCNCC2)cc1
EN300-658088,849.0,c1ccc2c(c1)-c3ccccc3C2COC(=O)N(Cc4ccc(s4)Cl)CC(=O)O,CNCc1ccc(Cl)s1
EN300-26666784,743.0,c1ccc2c(c1)-c3ccccc3C2COC(=O)N4CCC(CC4)c5c(cccn5)C(=O)O,c1ccc(C2CCNCC2)nc1
EN300-26864903,1488.0,c1ccc2c(c1)CN(C2)C[C@@H](C(=O)O)NC(=O)OCC3c4ccccc4-c5c3cccc5,NCCN1Cc2ccccc2C1
EN300-7462168,672.0,c1ccc2c(c1)CCN2C[C@@H](C(=O)O)NC(=O)OCC3c4ccccc4-c5c3cccc5,NCCN1CCc2ccccc21
EN300-37296785,1135.0,c1ccc2c(c1)-c3ccccc3C2COC(=O)N4CC5COCC(C4)(C5(F)F)C(=O)O,FC1(F)C2CNCC1COC2
EN300-27783679,1459.0,COc1ccc2c(c1)[C@@H](CCN2C(=O)OCC3c4ccccc4-c5c3cccc5)C(=O)O,COc1ccc2c(c1)CCCN2
EN300-372315,835.0,COc1ccc(c2c1CN(CC2)C(=O)OCC3c4ccccc4-c5c3cccc5)C(=O)O,COc1cccc2c1CNCC2
EN300-27783004,792.0,c1ccc2c(c1)-c3ccccc3C2COC(=O)N4CC[C@@H](C4)Oc5cccc(c5)C(=O)O,c1ccc(O[C@H]2CCNC2)cc1
EN300-27103347,1118.0,COc1ccc(c2c1CCN(C2)C(=O)OCC3c4ccccc4-c5c3cccc5)C(=O)O,COc1cccc2c1CCNC2
EN300-1454876,977.0,c1ccc2c(c1)-c3ccccc3C2COC(=O)N4C[C@@H]([C@H](C4)C(=O)O)c5cccc(c5)O,Oc1cccc([C@@H]2CCNC2)c1
EN300-6734854,270.0,c1ccc(cc1)O[C@H]2C[C@H](N(C2)C(=O)OCC3c4ccccc4-c5c3cccc5)C(=O)O,c1ccc(O[C@H]2CCNC2)cc1
EN300-6734320,991.0,COc1ccc2c(c1)[C@@H](CN(C2)C(=O)OCC3c4ccccc4-c5c3cccc5)C(=O)O,COc1ccc2c(c1)CCNC2
EN300-28257991,538.0,c1ccc2c(c1)-c3ccccc3C2COC(=O)N4CC[C@@H](C4)Oc5ccc(cc5)C(=O)O,c1ccc(O[C@H]2CCNC2)cc1
EN300-28258001,487.0,c1ccc2c(c1)-c3ccccc3C2COC(=O)N4CC[C@@H](C4)Oc5ccccc5C(=O)O,c1ccc(O[C@H]2CCNC2)cc1
EN300-6731737,672.0,c1ccc2c(c1)-c3ccccc3C2COC(=O)N4CCC(CC4)c5ncc(cn5)C(=O)O,c1cnc(C2CCNCC2)nc1
EN300-26624067,1065.0,CC1(CN(C[C@H](S1(=O)=O)C(=O)O)C(=O)OCC2c3ccccc3-c4c2cccc4)C,CC1(C)CNCCS1(=O)=O
EN300-658095,666.0,CS(=O)(=O)C1(CCN(CC1)C(=O)OCC2c3ccccc3-c4c2cccc4)C(=O)O,CS(=O)(=O)C1CCNCC1
EN300-7424791,672.0,c1ccc2c(c1)-c3ccccc3C2COC(=O)N4C[C@H](C[C@H]4C(=O)O)Oc5ccncc5,c1cc(O[C@H]2CCNC2)ccn1
EN300-7471445,672.0,c1ccc2c(c1)-c3ccccc3C2COC(=O)N4CCN(CC4)c5ncc(cn5)C(=O)O,c1cnc(N2CCNCC2)nc1
EN300-658343,623.0,c1ccc2c(c1)-c3ccccc3C2COC(=O)N4CCN(CC4)c5ccc(nn5)C(=O)O,c1cnnc(N2CCNCC2)c1
EN300-658100,1419.0,Cn1c(ccc1C(=O)O)[C@@H]2CCCCN2C(=O)OCC3c4ccccc4-c5c3cccc5,Cn1cccc1[C@@H]1CCCCN1
EN300-363644,601.0,CN(Cc1ccccc1)C[C@@H](C(=O)O)NC(=O)OCC2c3ccccc3-c4c2cccc4,CN(CCN)Cc1ccccc1
EN300-399323,565.0,CN(C)c1ccc(cc1)C[C@@H](C(=O)O)NC(=O)OCC2c3ccccc3-c4c2cccc4,CN(C)c1ccc(CCN)cc1
EN300-28256815,912.0,CN(C)C1(CCN(CC1)C(=O)OCC2c3ccccc3-c4c2cccc4)C(=O)O,CN(C)C1CCNCC1
EN300-28328699,1008.0,c1ccc2c(c1)-c3ccccc3C2COC(=O)N4C[C@@H]5[C@H](C[C@@]5(C4)C(=O)O)C(F)(F)F,FC(F)(F)[C@H]1C[C@@H]2CNC[C@@H]21
EN300-37467175,977.0,c1ccc2c(c1)-c3ccccc3C2COC(=O)N4CCOC[C@H]4c5nccc(n5)C(=O)O,c1cnc([C@@H]2COCCN2)nc1
EN300-27687384,1015.0,c1ccc2c(c1)-c3ccccc3C2COC(=O)N4CC(C4)(CC(=O)O)c5cccc(c5)F,CC1(c2cccc(F)c2)CNC1
EN300-1072989,763.0,c1ccc2c(c1)-c3ccccc3C2COC(=O)N4C[C@@H]([C@H](C4)C(=O)O)c5cccc(c5)F,Fc1cccc([C@@H]2CCNC2)c1
EN300-1166939,601.0,c1ccc2c(c1)-c3ccccc3C2COC(=O)N4C[C@@H]([C@H](C4)C(=O)O)c5ccc(cc5)F,Fc1ccc([C@@H]2CCNC2)cc1
EN300-27685087,1015.0,c1ccc2c(c1)-c3ccccc3C2COC(=O)N4CC(C4)(CC(=O)O)c5ccc(cc5)F,CC1(c2ccc(F)cc2)CNC1
EN300-1073389,763.0,c1ccc2c(c1)-c3ccccc3C2COC(=O)N4[C@@H](CC[C@H]4C(=O)O)c5ccc(cc5)F,Fc1ccc([C@@H]2CCCN2)cc1
EN300-658117,572.0,Cn1c(cc(n1)C2CCN(CC2)C(=O)OCC3c4ccccc4-c5c3cccc5)C(=O)O,Cn1ccc(C2CCNCC2)n1
EN300-658315,822.0,Cn1cc(c(n1)[C@H]2CCCN(C2)C(=O)OCC3c4ccccc4-c5c3cccc5)C(=O)O,Cn1ccc([C@H]2CCCNC2)n1
EN300-1073398,701.0,Cc1c(cnn1C)[C@H]2CN(C[C@@H]2C(=O)O)C(=O)OCC3c4ccccc4-c5c3cccc5,Cc1c([C@@H]2CCNC2)cnn1C
EN300-658119,792.0,Cc1c(cnn1C2CCN(CC2)C(=O)OCC3c4ccccc4-c5c3cccc5)C(=O)O,Cc1ccnn1C1CCNCC1
EN300-658120,1118.0,Cc1cnn(c1C(=O)O)[C@H]2CCCN(C2)C(=O)OCC3c4ccccc4-c5c3cccc5,Cc1cnn([C@H]2CCCNC2)c1
EN300-1588317,779.0,Cc1c([nH]c(n1)C2CCN(CC2)C(=O)OCC3c4ccccc4-c5c3cccc5)C(=O)O,Cc1c[nH]c(C2CCNCC2)n1
EN300-1588340,792.0,Cc1c([nH]c(n1)[C@H]2CCCN(C2)C(=O)OCC3c4ccccc4-c5c3cccc5)C(=O)O,Cc1c[nH]c([C@H]2CCCNC2)n1
EN300-658121,1235.0,Cc1cn(nc1C(=O)O)[C@H]2CCCN(C2)C(=O)OCC3c4ccccc4-c5c3cccc5,Cc1cnn([C@H]2CCCNC2)c1
EN300-35910992,672.0,Cc1c(nc(o1)C2CCN(CC2)C(=O)OCC3c4ccccc4-c5c3cccc5)C(=O)O,Cc1cnc(C2CCNCC2)o1
EN300-1722550,601.0,c1ccc2c(c1)-c3ccccc3C2COC(=O)N4CCC(CC4)(Cc5cnn[nH]5)C(=O)O,c1nn[nH]c1CC1CCNCC1
EN300-658130,785.0,c1ccc2c(c1)-c3ccccc3C2COC(=O)N4CCC[C@@H](CC4)n5cc(nn5)C(=O)O,c1cn([C@H]2CCCNCC2)nn1
EN300-658131,666.0,Cc1c(nnn1C2CCN(CC2)C(=O)OCC3c4ccccc4-c5c3cccc5)C(=O)O,Cc1cnnn1C1CCNCC1
EN300-658128,822.0,Cn1c(c(nn1)C(=O)O)C2CCN(CC2)C(=O)OCC3c4ccccc4-c5c3cccc5,Cn1nncc1C1CCNCC1
EN300-1556543,679.0,c1ccc2c(c1)-c3ccccc3C2COC(=O)N4CCC5(CCC(CC5)CC(=O)O)CC4,CC1CCC2(CCNCC2)CC1
EN300-28256723,920.0,c1ccc2c(c1)-c3ccccc3C2COC(=O)N4Cc5cccc(c5C[C@@H]4C(=O)O)Cl,Clc1cccc2c1CCNC2
EN300-27737394,607.0,c1ccc2c(c1)-c3ccccc3C2COC(=O)N4Cc5cc(ccc5C[C@H]4C(=O)O)Cl,Clc1ccc2c(c1)CNCC2
EN300-27722120,607.0,c1ccc2c(c1)-c3ccccc3C2COC(=O)N4Cc5cc(ccc5C[C@@H]4C(=O)O)Cl,Clc1ccc2c(c1)CNCC2
EN300-658142,1040.0,c1ccc2c(c1)-c3ccccc3C2COC(=O)N4Cc5cc(ccc5[C@@H](C4)C(=O)O)Cl,Clc1ccc2c(c1)CNCC2
EN300-7430052,792.0,c1ccc2c(c1)-c3ccccc3C2COC(=O)NCC(=O)N4[C@H]5CCC[C@H]5C[C@H]4C(=O)O,NCC(=O)N1CC[C@@H]2CCC[C@@H]21
EN300-658316,785.0,c1ccc2c(c1)-c3ccccc3C2COC(=O)N4CCC(CC4)N5C[C@H](CC5=O)C(=O)O,O=C1CCCN1C1CCNCC1
EN300-6491533,623.0,c1ccc2c(c1)-c3ccccc3C2COC(=O)N4CC[C@@H](C4)Cc5nc(cs5)C(=O)O,c1csc(C[C@H]2CCNC2)n1
EN300-658145,623.0,c1ccc2c(c1)-c3ccccc3C2COC(=O)N4CCC[C@@H](C4)c5ncc(s5)C(=O)O,c1csc([C@H]2CCCNC2)n1
EN300-1270463,693.0,c1ccc2c(c1)-c3ccccc3C2COC(=O)N4CCC[C@@H](C4)c5nc(cs5)C(=O)O,c1csc([C@H]2CCCNC2)n1
EN300-658147,601.0,c1ccc2c(c1)-c3ccccc3C2COC(=O)N4CCN(CC4)c5ccc(s5)C(=O)O,c1csc(N2CCNCC2)c1
EN300-658146,623.0,c1ccc2c(c1)-c3ccccc3C2COC(=O)N4CCC(CC4)c5ncc(s5)C(=O)O,c1csc(C2CCNCC2)n1
EN300-658144,735.0,Cc1c(sc(n1)[C@H]2CCN(C2)C(=O)OCC3c4ccccc4-c5c3cccc5)C(=O)O,Cc1csc([C@H]2CCNC2)n1
EN300-658132,708.0,c1ccc2c(c1)-c3ccccc3C2COC(=O)N4CCC(CC4)c5nc(cs5)C(=O)O,c1csc(C2CCNCC2)n1
EN300-658148,1131.0,Cc1c(nc(s1)[C@@H]2CCCN2C(=O)OCC3c4ccccc4-c5c3cccc5)C(=O)O,Cc1cnc([C@@H]2CCCN2)s1
EN300-27751001,735.0,c1ccc2c(c1)-c3ccccc3C2COC(=O)N4CCC(CC4)N5CCC(CC5)C(=O)O,C1CCN(C2CCNCC2)CC1
EN300-28257023,1327.0,c1ccc2c(c1)-c3ccccc3C2COC(=O)N4CC(OCC4CC(=O)O)C(F)(F)F,CC1COC(C(F)(F)F)CN1
EN300-26623875,1082.0,c1ccc2c(c1)-c3ccccc3C2COC(=O)N4CC(OC(C4)C(F)(F)F)CC(=O)O,CC1CNCC(C(F)(F)F)O1
EN300-28228015,1235.0,c1ccc2c(c1)-c3ccccc3C2COC(=O)N4C[C@H](OC[C@@H]4CC(=O)O)C(F)(F)F,C[C@H]1CO[C@H](C(F)(F)F)CN1
EN300-658151,735.0,CCOCCN(Cc1ccc(o1)C(=O)O)C(=O)OCC2c3ccccc3-c4c2cccc4,CCOCCNCc1ccco1
EN300-1556058,601.0,c1ccc2c(c1)-c3ccccc3C2COC(=O)N4CCN(CC4)c5nc(cs5)C(=O)O,c1csc(N2CCNCC2)n1
EN300-658152,770.0,c1ccc2c(c1)-c3ccccc3C2COC(=O)N4CCN(CC4)c5ncc(s5)C(=O)O,c1csc(N2CCNCC2)n1
EN300-6738107,672.0,c1ccc2c(c1)-c3ccccc3C2COC(=O)N4CCC(CC4)[C@@H]5CCOC[C@@H]5C(=O)O,C1CC(C2CCOCC2)CCN1
EN300-1587466,770.0,c1ccc2c(c1)-c3ccccc3C2COC(=O)N4CCC(CC4)C5(CCOCC5)C(=O)O,C1CC(C2CCOCC2)CCN1
EN300-81200,735.0,c1ccc2c(c1)-c3ccccc3C2COC(=O)N(CCC(=O)O)Cc4cccc(c4)Cl,CCNCc1cccc(Cl)c1
EN300-81184,601.0,c1ccc(c(c1)CN(CCC(=O)O)C(=O)OCC2c3ccccc3-c4c2cccc4)Cl,CCNCc1ccccc1Cl
EN300-81182,735.0,c1ccc2c(c1)-c3ccccc3C2COC(=O)N(CCC(=O)O)Cc4ccc(cc4)Cl,CCNCc1ccc(Cl)cc1
EN300-12614831,361.0,C=CCOC(=O)N1CCN([C@@H](C1)C(=O)O)C(=O)OCC2c3ccccc3-c4c2cccc4,C=CCOC(=O)N1CCNCC1
EN300-26618180,743.0,c1ccc2c(c1)-c3ccccc3C2COC(=O)N4CCO[C@@H](C4)c5nc(cs5)C(=O)O,c1csc([C@@H]2CNCCO2)n1
EN300-321168,44.0,C[C@@H](C(=O)N1[C@@H](COC1(C)C)C(=O)O)NC(=O)OCC2c3ccccc3-c4c2cccc4,C[C@H](N)C(=O)N1CCOC1(C)C
EN300-1556552,77.0,c1ccc2c(c1)c3c([nH]2)CN([C@H](C3)C(=O)O)C(=O)OCC4c5ccccc5-c6c4cccc6,c1ccc2c3c([nH]c2c1)CNCC3
EN300-81120,601.0,c1ccc2c(c1)-c3ccccc3C2COC(=O)N4CCc5c(c6cccc(c6[nH]5)C(=O)O)C4,c1ccc2c3c([nH]c2c1)CCNC3
EN300-371883,19.0,c1ccc2c(c1)c3c([nH]2)CN([C@@H](C3)C(=O)O)C(=O)OCC4c5ccccc5-c6c4cccc6,c1ccc2c3c([nH]c2c1)CNCC3
EN300-658173,2126.0,c1ccc2c(c1)-c3ccccc3C2COC(=O)N4CCn5c(nc(c5C(=O)O)C(F)F)C4,FC(F)c1cn2c(n1)CNCC2
EN300-26572619,1082.0,c1ccc2c(c1)-c3ccccc3C2COC(=O)N4CC5(CCCC5)c6c4cc(cc6)C(=O)O,c1ccc2c(c1)NCC21CCCC1
EN300-6761474,721.0,c1ccc2c(c1)-c3ccccc3C2COC(=O)N[C@H]4CCCn5c4nc(c5)C(=O)O,N[C@H]1CCCn2ccnc21
EN300-7440313,721.0,c1ccc2c(c1)-c3ccccc3C2COC(=O)N[C@H]4CCc5nc(cn5C4)C(=O)O,N[C@H]1CCc2nccn2C1
EN300-1716985,842.0,CN([C@@H](Cc1c[nH]c2c1cccc2)C(=O)O)C(=O)OCC3c4ccccc4-c5c3cccc5,CNCCc1c[nH]c2ccccc12
EN300-1556739,130.0,Cn1cc(c2c1cccc2)C[C@@H](C(=O)O)NC(=O)OCC3c4ccccc4-c5c3cccc5,Cn1cc(CCN)c2ccccc21
EN300-658175,487.0,c1ccc2c(c1)-c3ccccc3C2COC(=O)NCCCn4ccc5c4ccc(c5)C(=O)O,NCCCn1ccc2ccccc21
EN300-658177,749.0,CN([C@H](c1cc(c(c(c1)F)F)F)C(=O)O)C(=O)OCC2c3ccccc3-c4c2cccc4,CNCc1cc(F)c(F)c(F)c1
EN300-37454087,2011.0,c1ccc2c(c1)-c3ccccc3C2COC(=O)N4CC5CCCCC(C4)(C5(F)F)C(=O)O,FC1(F)C2CCCCC1CNC2
EN300-1073402,607.0,c1ccc2c(c1)-c3ccccc3C2COC(=O)N4C[C@@H]5[C@H](C4)S(=O)(=O)C[C@H]5CC(=O)O,C[C@@H]1CS(=O)(=O)[C@H]2CNC[C@@H]12
EN300-26860976,1349.0,c1ccc(cc1)[C@@H](C2CCN(CC2)C(=O)OCC3c4ccccc4-c5c3cccc5)C(=O)O,c1ccc(CC2CCNCC2)cc1
EN300-658183,985.0,c1ccc(c(c1)CC2CCN(CC2)C(=O)OCC3c4ccccc4-c5c3cccc5)C(=O)O,c1ccc(CC2CCNCC2)cc1
EN300-43346751,969.0,c1ccc2c(c1)-c3ccccc3C2COC(=O)NCCN4Cc5ccc(cc5C4=O)C(=O)O,NCCN1Cc2ccccc2C1=O
EN300-27724205,735.0,c1ccc2c(c1)-c3ccccc3C2COC(=O)Nc4ccc(c(c4)C(=O)O)N5CCCCC5,Nc1ccc(N2CCCCC2)cc1
EN300-1165821,666.0,c1ccc(cc1)N2CCC(CC2)(C(=O)O)NC(=O)OCC3c4ccccc4-c5c3cccc5,NC1CCN(c2ccccc2)CC1
EN300-1726299,977.0,c1ccc2c(c1)-c3ccccc3C2COC(=O)NC4CCN(CC4)c5ccccc5C(=O)O,NC1CCN(c2ccccc2)CC1
EN300-1556660,735.0,c1ccc(c(c1)CN2CCN(CC2)C(=O)OCC3c4ccccc4-c5c3cccc5)C(=O)O,c1ccc(CN2CCNCC2)cc1
EN300-658185,601.0,c1ccc(cc1)[C@H](C(=O)O)N2CCN(CC2)C(=O)OCC3c4ccccc4-c5c3cccc5,c1ccc(CN2CCNCC2)cc1
EN300-624047,701.0,c1ccc2c(c1)-c3ccccc3C2COC(=O)N[C@H]4CCCN(C4)c5ccc(cc5)C(=O)O,N[C@H]1CCCN(c2ccccc2)C1
EN300-650354,1235.0,c1ccc2c(c1)CCCN2C[C@@H](C(=O)O)NC(=O)OCC3c4ccccc4-c5c3cccc5,NCCN1CCCc2ccccc21
EN300-650121,877.0,c1ccc2c(c1)-c3ccccc3C2COC(=O)NC4CCN(CC4)c5ccc(cc5)C(=O)O,NC1CCN(c2ccccc2)CC1
EN300-1655919,749.0,CN1CC[C@]2(CN(C[C@H]2C1)C(=O)OCC3c4ccccc4-c5c3cccc5)C(=O)O,CN1CC[C@@H]2CNC[C@H]2C1
EN300-1556368,1401.0,c1ccc2c(c1)-c3ccccc3C2COC(=O)N(Cc4ccco4)Cc5ccc(o5)C(=O)O,c1coc(CNCc2ccco2)c1
EN300-28337024,920.0,c1ccc2c(c1)-c3ccccc3C2COC(=O)N4C[C@@H]5[C@](C4)(OCCS5(=O)=O)C(=O)O,O=S1(=O)CCO[C@@H]2CNC[C@H]21
EN300-27685044,538.0,c1ccc(cc1)COCC2(CN(C2)C(=O)OCC3c4ccccc4-c5c3cccc5)C(=O)O,c1ccc(COCC2CNC2)cc1
EN300-658194,985.0,COc1ccc(cc1)C2CCC(N2C(=O)OCC3c4ccccc4-c5c3cccc5)C(=O)O,COc1ccc([C@@H]2CCCN2)cc1
EN300-1166942,835.0,COc1cccc(c1)[C@H]2CN(C[C@@H]2C(=O)O)C(=O)OCC3c4ccccc4-c5c3cccc5,COc1cccc([C@@H]2CCNC2)c1
EN300-1073408,779.0,COc1cccc(c1)[C@@H]2[C@@H](CCN2C(=O)OCC3c4ccccc4-c5c3cccc5)C(=O)O,COc1cccc([C@@H]2CCCN2)c1
EN300-637453,743.0,c1ccc2c(c1)-c3ccccc3C2COC(=O)NC4CCN(CC4)c5cc(ccn5)C(=O)O,NC1CCN(c2ccccn2)CC1
EN300-637454,559.0,c1ccc2c(c1)-c3ccccc3C2COC(=O)NC4CCN(CC4)c5ccc(cn5)C(=O)O,NC1CCN(c2ccccn2)CC1
EN300-27731778,721.0,c1ccc2c(c1)-c3ccccc3C2COC(=O)N4CCCN(CC4)c5cnc(cn5)C(=O)O,c1cnc(N2CCCNCC2)cn1
EN300-7402176,331.0,c1ccc2c(c1)-c3ccccc3C2COC(=O)N4CCC(CC4)(c5ccc(cc5)F)C(=O)O,Fc1ccc(C2CCNCC2)cc1
EN300-1587585,672.0,Cn1c(c(cn1)C(=O)O)CN2CCN(CC2)C(=O)OCC3c4ccccc4-c5c3cccc5,Cn1nccc1CN1CCNCC1
EN300-1700478,629.0,c1ccc2c(c1)-c3ccccc3C2COC(=O)N(CCN4CCOCC4)CC(=O)O,CNCCN1CCOCC1
EN300-658211,601.0,c1ccc2c(c1)-c3ccccc3C2COC(=O)N4C(CSC4c5ccc(cc5)O)C(=O)O,Oc1ccc([C@H]2NCCS2)cc1
EN300-1166946,835.0,c1ccc2c(c1)-c3ccccc3C2COC(=O)N4[C@@H](CC[C@H]4C(=O)O)c5ccc(cc5)Cl,Clc1ccc([C@@H]2CCCN2)cc1
EN300-1086870,601.0,c1ccc2c(c1)-c3ccccc3C2COC(=O)N4C[C@@H]([C@H](C4)C(=O)O)c5ccc(cc5)Cl,Clc1ccc([C@@H]2CCNC2)cc1
EN300-1073410,920.0,CO[C@H]1CN(C[C@@H]1c2cn(nn2)CC(=O)O)C(=O)OCC3c4ccccc4-c5c3cccc5,CO[C@H]1CNC[C@@H]1c1cn(C)nn1
EN300-658216,749.0,c1ccc2c(c1)-c3ccccc3C2COC(=O)N[C@H]4CCN(C4=O)c5c(ccs5)C(=O)O,N[C@H]1CCN(c2cccs2)C1=O
EN300-7430546,666.0,c1ccc2c(c1)-c3ccccc3C2COC(=O)N4CCC[C@@H]4C(=O)N5CCC(CC5)C(=O)O,O=C([C@H]1CCCN1)N1CCCCC1
EN300-814154,530.0,c1ccc2c(c1)-c3ccccc3C2COC(=O)N4CCC[C@H]4C(=O)N5CCC(CC5)C(=O)O,O=C([C@@H]1CCCN1)N1CCCCC1
EN300-6731860,601.0,Cc1c(sc(n1)[C@H]2CCCN(C2)C(=O)OCC3c4ccccc4-c5c3cccc5)C(=O)O,Cc1csc([C@H]2CCCNC2)n1
EN300-6499674,672.0,Cc1c(sc(n1)C[C@H]2CCN(C2)C(=O)OCC3c4ccccc4-c5c3cccc5)C(=O)O,Cc1csc(C[C@H]2CCNC2)n1
EN300-1387158,693.0,c1ccc2c(c1)-c3ccccc3C2COC(=O)N4CCC(CC4)c5nc(cs5)CC(=O)O,Cc1csc(C2CCNCC2)n1
EN300-658220,749.0,Cc1c(sc(n1)C2CCN(CC2)C(=O)OCC3c4ccccc4-c5c3cccc5)C(=O)O,Cc1csc(C2CCNCC2)n1
EN300-658219,693.0,c1ccc2c(c1)-c3ccccc3C2COC(=O)N4CCC(CC4)Cc5ncc(s5)C(=O)O,c1csc(CC2CCNCC2)n1
EN300-658218,743.0,c1ccc2c(c1)-c3ccccc3C2COC(=O)N4CCC(CC4)Cc5nc(cs5)C(=O)O,c1csc(CC2CCNCC2)n1
EN300-35903863,516.0,c1ccc2c(c1)-c3ccccc3C2COC(=O)N4CCC(CC4)CN5CCC(CC5)C(=O)O,C1CCN(CC2CCNCC2)CC1
EN300-658221,666.0,c1ccc2c(c1)-c3ccccc3C2COC(=O)N4CCC(CC4)(C(=O)O)OCC(F)(F)F,FC(F)(F)COC1CCNCC1
EN300-1454904,1008.0,c1ccc2c(c1)-c3ccccc3C2COC(=O)N4C[C@@H]([C@H](C4)C(=O)O)c5cc(cc(c5)F)F,Fc1cc(F)cc([C@@H]2CCNC2)c1
EN300-81237,601.0,c1ccc2c(c1)-c3ccccc3C2COC(=O)N(CCCC(=O)O)Cc4ccc(cc4)Cl,CCCNCc1ccc(Cl)cc1
EN300-7427168,162.0,c1ccc2c(c1)-c3ccccc3C2COC(=O)N[C@H]4[C@@H]5N(C4=O)C(=C(CS5)CO)C(=O)O,N[C@@H]1C(=O)N2C=C(CO)CS[C@H]12
EN300-658229,855.0,c1ccc2c(c1)-c3ccccc3C2COC(=O)N4CC[C@@H](C4)n5c(c(nn5)C(=O)O)C(F)F,FC(F)c1cnnn1[C@H]1CCNC1
EN300-7499318,1499.0,c1ccc2c(c1)-c3ccccc3C2COC(=O)N4CC(C5(C4)CCCCCC5(F)F)C(=O)O,FC1(F)CCCCC[C@@]12CCNC2
EN300-6737833,1370.0,c1ccc2c(c1)-c3ccccc3C2COC(=O)N4CC5(CCS(=O)(=O)CC5)C[C@H]4C(=O)O,O=S1(=O)CCC2(CCNC2)CC1
EN300-26625524,1015.0,Cc1cccc(c1)[C@@H](C2CCN(CC2)C(=O)OCC3c4ccccc4-c5c3cccc5)C(=O)O,Cc1cccc(CC2CCNCC2)c1
EN300-624022,749.0,c1ccc(cc1)[C@@H](CC(=O)O)C2CCN(CC2)C(=O)OCC3c4ccccc4-c5c3cccc5,C[C@H](c1ccccc1)C1CCNCC1
EN300-658240,601.0,CN([C@H](c1cccc(c1Cl)Cl)C(=O)O)C(=O)OCC2c3ccccc3-c4c2cccc4,CNCc1cccc(Cl)c1Cl
EN300-650970,749.0,c1ccc(cc1)CN2CCC[C@](C2)(C(=O)O)NC(=O)OCC3c4ccccc4-c5c3cccc5,N[C@@H]1CCCN(Cc2ccccc2)C1
EN300-650262,127.0,c1ccc(cc1)CN2CCC(CC2)(C(=O)O)NC(=O)OCC3c4ccccc4-c5c3cccc5,NC1CCN(Cc2ccccc2)CC1
EN300-1179858,842.0,c1ccc2c(c1)-c3ccccc3C2COC(=O)N4CCn5c(c(nc5C(F)(F)F)C(=O)O)C4,FC(F)(F)c1ncc2n1CCNC2
EN300-658253,607.0,Cc1c(sc(n1)CC2CCN(CC2)C(=O)OCC3c4ccccc4-c5c3cccc5)C(=O)O,Cc1csc(CC2CCNCC2)n1
EN300-650952,701.0,c1ccc2c(c1)-c3ccccc3C2COC(=O)N[C@@H](Cn4cnc5c4cc(c(c5)F)F)C(=O)O,NCCn1cnc2cc(F)c(F)cc21
EN300-81168,1196.0,c1ccc2c(c1)-c3ccccc3C2COC(=O)N4CCN(CC4)C(=O)N5CCC(CC5)C(=O)O,O=C(N1CCCCC1)N1CCNCC1
EN300-26619351,1082.0,c1ccc2c(c1)-c3ccccc3C2COC(=O)N4CC[C@@H](C4)Oc5ccc(c(c5)C(=O)O)Cl,Clc1ccc(O[C@H]2CCNC2)cc1
EN300-27753990,1235.0,c1ccc2c(c1)-c3ccccc3C2COC(=O)N4CCc5c4cc(cc5C(=O)O)Br,Brc1ccc2c(c1)NCC2
EN300-814152,666.0,CC(C)C[C@@H](C(=O)N1CCC(CC1)C(=O)O)NC(=O)OCC2c3ccccc3-c4c2cccc4,CC(C)C[C@H](N)C(=O)N1CCCCC1
EN300-3412109,538.0,CN([C@H](c1ccc(cc1)Br)C(=O)O)C(=O)OCC2c3ccccc3-c4c2cccc4,CNCc1ccc(Br)cc1
EN300-27729145,538.0,c1ccc2c(c1)-c3ccccc3C2COC(=O)N(Cc4ccc(cc4)Br)CC(=O)O,CNCc1ccc(Br)cc1
EN300-385343,623.0,CN([C@H](c1cccc(c1)Br)C(=O)O)C(=O)OCC2c3ccccc3-c4c2cccc4,CNCc1cccc(Br)c1
EN300-81111,206.0,c1ccc(c(c1)CN(CC(=O)O)C(=O)OCC2c3ccccc3-c4c2cccc4)Br,CNCc1ccccc1Br
EN300-1696697,594.0,c1ccc(cc1)CN(CCNC(=O)OCC2c3ccccc3-c4c2cccc4)CC(=O)O,CN(CCN)Cc1ccccc1
EN300-81191,735.0,c1ccc2c(c1)-c3ccccc3C2COC(=O)N(CCCC(=O)O)Cc4ccc(cc4Cl)F,CCCNCc1ccc(F)cc1Cl
EN300-1556410,1091.0,c1ccc2c(c1)-c3ccccc3C2COC(=O)N4CCn5c(c(nc5Br)C(=O)O)C4,Brc1ncc2n1CCNC2
EN300-658261,770.0,c1ccc2c(c1)-c3ccccc3C2COC(=O)N4CCC(CC4)n5c(c(nn5)C(=O)O)C(F)F,FC(F)c1cnnn1C1CCNCC1
EN300-658262,601.0,COc1ccc2c(c1)c3c([nH]2)[C@@H](N(CC3)C(=O)OCC4c5ccccc5-c6c4cccc6)C(=O)O,COc1ccc2[nH]c3c(c2c1)CCNC3
EN300-26621553,855.0,c1ccc2c(c1)-c3ccccc3C2COC(=O)N4CCN(CC4)c5nc6cc(ccc6o5)C(=O)O,c1ccc2oc(N3CCNCC3)nc2c1
EN300-385319,629.0,c1ccc2c(c1)-c3ccccc3C2COC(=O)N4Cc5c(sc(c5Br)C(=O)O)C4,Brc1csc2c1CNC2
EN300-37475893,977.0,c1ccc2c(c1)-c3ccccc3C2COC(=O)N4CCCC4CN5CCC(S5(=O)=O)C(=O)O,O=S1(=O)CCCN1C[C@H]1CCCN1
EN300-7547312,1082.0,c1ccc2c(c1)-c3ccccc3C2COC(=O)N4CCC[C@@H]4CN5CCC(S5(=O)=O)C(=O)O,O=S1(=O)CCCN1C[C@H]1CCCN1
EN300-658276,637.0,c1ccc2c(c1)-c3ccccc3C2COC(=O)N4CCC(CC4)[C@H](CC(=O)O)c5ccc(cc5)F,C[C@H](c1ccc(F)cc1)C1CCNCC1
EN300-22847252,743.0,CC(C)(C)Oc1ccc(cc1)CCN(CC(=O)O)C(=O)OCC2c3ccccc3-c4c2cccc4,CNCCc1ccc(OC(C)(C)C)cc1
EN300-7494240,1366.0,c1ccc2c(c1)-c3ccccc3C2COC(=O)N4Cc5cc(ccc5C[C@H]4C(=O)O)Br,Brc1ccc2c(c1)CNCC2
EN300-6731677,601.0,c1ccc2c(c1)-c3ccccc3C2COC(=O)N4CCc5cc(ccc5[C@@H]4C(=O)O)Br,Brc1ccc2c(c1)CCNC2
EN300-7427541,735.0,c1ccc2c(c1)-c3ccccc3C2COC(=O)N4CCc5ccc(cc5[C@@H]4C(=O)O)Br,Brc1ccc2c(c1)CNCC2
EN300-385331,666.0,c1ccc2c(c1)-c3ccccc3C2COC(=O)N4CC[C@H](c5c4ccc(c5)Br)C(=O)O,Brc1ccc2c(c1)CCCN2
EN300-385320,494.0,c1ccc2c(c1)-c3ccccc3C2COC(=O)N4C[C@@H](c5c4ccc(c5)Br)CC(=O)O,C[C@H]1CNc2ccc(Br)cc21
EN300-1073412,735.0,c1ccc(cc1)[C@H]2CN(C[C@@]2(C(=O)O)C(F)(F)F)C(=O)OCC3c4ccccc4-c5c3cccc5,FC(F)(F)[C@@H]1CNC[C@@H]1c1ccccc1
EN300-7472186,1118.0,c1ccc2c(c1)-c3ccccc3C2COC(=O)N4CC[C@@](C4)(c5cccc(c5)Br)C(=O)O,Brc1cccc([C@H]2CCNC2)c1
EN300-1267124,629.0,c1ccc2c(c1)-c3ccccc3C2COC(=O)N4C[C@@H]([C@H](C4)C(=O)O)c5ccc(cc5)Br,Brc1ccc([C@@H]2CCNC2)cc1
EN300-1556713,637.0,c1ccc2c(c1)-c3ccccc3C2COC(=O)N4CCN(CC4)S(=O)(=O)c5cccc(c5)C(=O)O,O=S(=O)(c1ccccc1)N1CCNCC1
EN300-81097,686.0,c1ccc2c(c1)-c3ccccc3C2COC(=O)N4CCN(CC4)S(=O)(=O)c5ccc(cc5)C(=O)O,O=S(=O)(c1ccccc1)N1CCNCC1
EN300-1716611,920.0,c1ccc2c(c1)-c3ccccc3C2COC(=O)N4CCOc5c(cc(cc5C(=O)O)Br)C4,Brc1ccc2c(c1)CNCCO2
EN300-1665501,623.0,c1ccc2c(c1)-c3ccccc3C2COC(=O)N4CCOc5c(cc(cc5Br)C(=O)O)C4,Brc1cccc2c1OCCNC2
EN300-1556195,1328.0,c1ccc2c(c1)-c3ccccc3C2COC(=O)N4[C@@H](CSC4c5cccc(c5)OC(F)F)C(=O)O,FC(F)Oc1cccc([C@H]2NCCS2)c1
EN300-1556197,1349.0,c1ccc2c(c1)-c3ccccc3C2COC(=O)N4[C@@H](CSC4c5ccc(cc5)C(F)(F)F)C(=O)O,FC(F)(F)c1ccc([C@H]2NCCS2)cc1
EN300-1716962,1370.0,c1ccc2c(c1)-c3ccccc3C2COC(=O)N4CCC[C@H]4[C@@H](c5ccc(cc5)Br)C(=O)O,Brc1ccc(C[C@@H]2CCCN2)cc1
EN300-385559,1657.0,c1ccc2c(c1)-c3ccccc3C2COC(=O)N4CC[C@](C4)(Cc5cccc(c5)Br)C(=O)O,Brc1cccc(C[C@@H]2CCNC2)c1
EN300-755456,153.0,c1ccc2c(c1)-c3ccccc3C2COC(=O)N4CCC(CC4)(c5ccc(cc5)Br)C(=O)O,Brc1ccc(C2CCNCC2)cc1
EN300-321612,10001.0,c1ccc(cc1)N2CN(C(=O)C23CCN(CC3)C(=O)OCC4c5ccccc5-c6c4cccc6)CC(=O)O,CN1CN(c2ccccc2)C2(CCNCC2)C1=O
EN300-6474829,672.0,CC(C)(CC(=O)N(C)CCc1ccc(cc1)NC(=O)OCC2c3ccccc3-c4c2cccc4)CC(=O)O,CN(CCc1ccc(N)cc1)C(=O)CC(C)(C)C
EN300-39672558,735.0,c1ccc2c(c1)-c3ccccc3C2COC(=O)N[C@H]4CCCN(C4)c5c(cnc(n5)C(=O)O)Br,N[C@H]1CCCN(c2ncncc2Br)C1
EN300-249916,19.0,CC(C)(C)OC(=O)n1cc(c2c1cccc2)C[C@@H](C(=O)O)NC(=O)OCC3c4ccccc4-c5c3cccc5,CC(C)(C)OC(=O)n1cc(CCN)c2ccccc21
EN300-95048,19.0,CC(C)(C)OC(=O)n1cc(c2c1cccc2)C[C@H](C(=O)O)NC(=O)OCC3c4ccccc4-c5c3cccc5,CC(C)(C)OC(=O)n1cc(CCN)c2ccccc21
EN300-39926521,977.0,c1ccc2c(c1)-c3ccccc3C2COC(=O)N4CC(C4)(CC(=O)O)n5ccc(n5)I,CC1(n2ccc(I)n2)CNC1
EN300-39872342,735.0,c1ccc2c(c1)-c3ccccc3C2COC(=O)N4CC(C4)(CC(=O)O)n5cc(cn5)I,CC1(n2cc(I)cn2)CNC1
EN300-1705003,1521.0,Cn1cc(nc1C2(CC3(C2)CN(C3)C(=O)OCC4c5ccccc5-c6c4cccc6)OCC(=O)O)Br,COC1(c2nc(Br)cn2C)CC2(CNC2)C1
EN300-39849432,977.0,Cc1ccc(c(c1)F)c2cnc(nc2N3CCC[C@@H](C3)NC(=O)OCC4c5ccccc5-c6c4cccc6)C(=O)O,Cc1ccc(-c2cncnc2N2CCC[C@H](N)C2)c(F)c1
EN300-1704869,2106.0,c1ccc2c(c1)-c3ccccc3C2COC(=O)N4CCC5(CC4)CC(C5)(c6ccc(cn6)Br)OCC(=O)O,COC1(c2ccc(Br)cn2)CC2(CCNCC2)C1
EN300-1704870,2106.0,c1ccc2c(c1)-c3ccccc3C2COC(=O)N4CCC5(CC4)CC(C5)(c6ccc(nc6)Br)OCC(=O)O,COC1(c2ccc(Br)nc2)CC2(CCNCC2)C1
EN300-1704935,1370.0,Cn1cc(nc1C2(CC3(C2)CCN(CC3)C(=O)OCC4c5ccccc5-c6c4cccc6)OCC(=O)O)Br,COC1(c2nc(Br)cn2C)CC2(CCNCC2)C1
EN300-1705656,2159.0,Cn1cc(nc1[C@@]2(CCN(C3(C2)CCC3)C(=O)OCC4c5ccccc5-c6c4cccc6)OCC(=O)O)Br,CO[C@@]1(c2nc(Br)cn2C)CCNC2(CCC2)C1
EN300-1705573,2453.0,Cn1cc(nc1[C@@]2(CCN(C23CCCC3)C(=O)OCC4c5ccccc5-c6c4cccc6)OCC(=O)O)Br,CO[C@@]1(c2nc(Br)cn2C)CCNC12CCCC2
EN300-1705540,2163.0,c1ccc2c(c1)-c3ccccc3C2COC(=O)N4CC[C@](CC45CCC5)(c6nc(cs6)Br)OCC(=O)O,CO[C@@]1(c2nc(Br)cs2)CCNC2(CCC2)C1
EN300-1705366,2164.0,c1ccc2c(c1)-c3ccccc3C2COC(=O)N4CCC5(CC4)[C@@](CCO5)(c6cccc(c6)Br)OCC(=O)O,CO[C@@]1(c2cccc(Br)c2)CCOC12CCNCC2
EN300-1705264,2163.0,c1ccc2c(c1)-c3ccccc3C2COC(=O)N4CC[C@](C5(C4)CCOCC5)(c6ccc(cc6)Br)OCC(=O)O,CO[C@@]1(c2ccc(Br)cc2)CCNCC12CCOCC2
EN300-1705265,2137.0,c1ccc2c(c1)-c3ccccc3C2COC(=O)N4CC[C@](C5(C4)CCOCC5)(c6cccc(c6)Br)OCC(=O)O,CO[C@@]1(c2cccc(Br)c2)CCNCC12CCOCC2
EN300-1705439,2309.0,Cn1cc(nc1[C@@]2(CCN(CC23CCOCC3)C(=O)OCC4c5ccccc5-c6c4cccc6)OCC(=O)O)Br,CO[C@@]1(c2nc(Br)cn2C)CCNCC12CCOCC2
EN300-96350,19.0,c1ccc(cc1)C(c2ccccc2)(c3ccccc3)n4cc(nc4)C[C@@H](C(=O)O)NC(=O)OCC5c6ccccc6-c7c5cccc7,NCCc1cn(C(c2ccccc2)(c2ccccc2)c2ccccc2)cn1
EN300-7359520,19.0,c1ccc(cc1)C(c2ccccc2)(c3ccccc3)n4cc(nc4)C[C@H](C(=O)O)NC(=O)OCC5c6ccccc6-c7c5cccc7,NCCc1cn(C(c2ccccc2)(c2ccccc2)c2ccccc2)cn1
